SKU,Product Name
42011,A.N.B. LACTATED RINGER'S INJECTION 1000ML g2
44067,A.N.B. LACTATED RINGER'S INJECTION 500ML
44067,AA -MINOCYCLINE 100MG CAPSULES 100'S ### <:> 100MG CAPSULES
44068,AA -MINOCYCLINE 100MG CAPSULES 1'S ### 100MG CAPSULES
16827,AA-ISDN 10MG 100'S (APO-ISDN) 10MG
16828,AA-ISDN 10MG 1'S (APO-ISDN) 10MG
16869,AA-LOVASTATIN 20MG
32792,ABILIFY MAINTENA XR INJECTION 400 MG
35228,ABIRATRED 250MG
29815,ACARIZAX 12 SQ-HDM
41969,ACCENTRIX INJECTION 10MG/ML
41968,ACCORD CLAVIX 75MG
41964,ACCORD EZETIMIBE 10MG
46038,ACCORD SITACORD 100MG
46981,ACCORD SITACORD 50MG
41966,ACCORD TADACCORD 20MG
41689,ACETAN 100MG
22311,ACETAN 50MG
37498,Acetan HCT Tablet 100mg/25mg
16687,Acetan HCT Tablet 50/12.5mg
16688,ACETEC 20MG
21584,ACICLOVIR 200MG
21582,ACIPAN INJECTION 1MG/ML AMP
47286,ACNOTIN 10MG
22347,ACNOTIN 20MG
21825,ACTAPIN 10MG
35057,ACTAPIN 5MG
35058,ACTAVIS BIFEN SYRUP 100MG/5ML 100ML
35056,ACTEMRA 162MG/0.9ML SOLUTION FOR INJECTION
35054,ACTIHIST 10'S XX
35055,ACTOS 30MG
45608,ACUGESIC TABLET 50MG
16816,ACUGESIC CAPSULE 50MG
16817,ACUGESIC INJECTION 100MG
16815,ACUGESIC INJECTION 50MG
21258,ACUGRAIN 0.5MG
21259,ACULAR OPHTHALMIC SOLUTION STERILE 5ML
41761,ACUSTOP CATAPLASMA
35289,ACYCLOVIR STADA CREAM 5G
17933,ACYLETE CREAM
3437,ADDAVEN CONCENTRATE FOR SOLUTION FOR INFUSION 10ML
16066,ADEZIO FC 10MG
38287,ADEZIO ORAL SOLUTION 1MG/ML 60ML
35981,ADEZIO ORAL SOLUTION 1MG/ML 60ML X
41850,ADIPEX RETARD
18055,ADROTEN 5MG
14075,AERIUS 5MG
29573,AERIUS D-12
41901,AERIUS SYRUP 60ML
40012,AEROCORT HFA INHALER 200DS
16111,AEVA MUROZIN OINTMENT 15G
16110,AFINITOR 10MG
21269,AFINITOR 5MG
16860,AGRYLIN CAPSULE 0.5MG
26661,AIN MEDICARE SODIUM CHLORIDE INFUSION 0.009 250ML
20423,AIRLUKAST 10MG
30076,AJALOPRAM 10MG
30075,AJENAFIL 100MG
17816,AKILEN 40MG 10
17817,AKILEN 40MG
36342,AKURIT-4 1'S
36341,AKURIT-4 6'S
37500,AKURIT-4 90'S
17466,AKYNZEO 300MG/0.5MG HARD CAPSULES
25628,ALATROL 10MG
25922,ALATROL SYRUP 60ML
19747,ALCON ATROPINE SULFATE 0.01 EYE DROP 5ML
45593,ALCON MYDFRIN EYE DROP 5ML
17252,ALCON MYDRIACYL 0.01 15ML
17253,ALCON SIMBRINZA 5ML
37760,ALDARA CREAM
33492,ALDARA PUMP 0.05 CREAM 2G
22180,ALEMBIC ERICOX 120MG
9409,ALEMBIC ERICOX 90MG
41231,ALENDRONATE SANDOZ 70MG
41232,ALFACIP 1MCG
41227,ALLAVIN EXPECTORANT 90ML
41228,ALLERCROM EYE DROPS 5ML
41229,ALLERGAN FML EYE DROP 5ML
21239,ALLERGO-COMOD EYE DROPS 10ML
47257,ALLERGOCROM 10ML
47559,ALLERPID
19070,ALLERSINE EYE DROP 5ML
3436,ALLOPURINOL 100MG
21084,ALLOPURINOL 300MG
1318,ALMIRAL 50MG
17671,ALOVASC 5MG
44433,ALPHAGAN P 0.1 % EYE DROPS 5ML
43912,ALTIVA-D 10'S XX
43913,ALTRA 10MG
23521,ALTRA 4MG
27901,ALTRA 5MG
47408,ALVESCO 160 INHALER 60 DOSES
47407,AMARYL 2MG
19944,AMARYL 3MG
36735,AMCARDIA TABLET 10MG
36737,AMCARDIA TABLET 10MG 10
36738,AMCARDIA TABLET 5MG
36739,AMCARDIA TABLET 5MG 10
36740,AMDEPIN 10MG
15849,AMDEPIN 5MG
15848,AMILOZIDE 50/5MG
47514,AMLIBON 10MG
47515,AMLIBON 5MG
21229,AMLOPRES-10 100'S
21230,AMLOPRES-10 10'S+++
21227,AMNOZ TABLET 10MG
30681,AMNOZ TABLET 5MG
30682,AMOPRIL 10/4MG
40060,AMOPRIL 10/8MG
40059,AMOPRIL 5/4MG
22950,AMOPRIL 5/8MG
43431,AMTAS 5MG
47687,ANADOL 50MG
47688,ANAFRANIL 25MG
45396,ANALPAN INJECTION 75MG/3ML AMPOULE
45395,ANAREX 1000'S
45184,ANAREX 10'S
45183,ANAREX 10'S X 10
45182,ANARGIL 100MG
45181,ANARGIL 200MG
45397,ANAST-1MG TAB
42731,ANDROGEL 50MG
27884,ANGELIQ
17914,ANLODIN 10MG
18580,ANLODIN 5MG
37505,ANORO ELLIPTA
46917,ANSONIDE NASAL SPRAY 27.5MCG/DOSE 120DOSE
24067,ANTAMIN 4MG
17852,ANTANAZOL CREAM 10G
18874,ANTIFUNGAL CREAM 10G
21276,APIDRA SOLOSTAR 300IU/3ML
32482,APO-ACETAZOLAMIDE 250MG
23722,APO-ALENDRONATE 70MG
47634,APO-ALLOPURINOL 100MG
35780,APO-ALLOPURINOL 300MG
17678,APO-AMITRIPTYLINE 10MG
16702,APO-AMITRIPTYLINE 25MG
16081,APO-ATENIDONE 100MG/25MG
16082,APO-ATENOL 50MG
37506,APO-ATORVASTATIN 20MG
16336,APO-ATORVASTATIN 40MG
6421,APO-ATORVASTATIN 80MG
16623,APO-AZATHIOPRINE 50MG
44362,APO-BECLOMETHASONE NASAL SPRAY 50MCG 200 METERED DOSES
44361,APO-CITALOPRAM 20MG FCT
31823,APO-CLOMIPRAMINE 25MG
32948,APO-CLOPIDOGREL 75MG
24319,APO-FENO SP 160MG
20567,APO-FLUCONAZOLE 100MG
17651,APO-GABAPENTIN 300MG
17863,APO-GLICLAZIDE MR 30MG
17282,APO-GLICLAZIDE MR 60MG
29489,APO-HYDRO 25MG
6424,APO-HYDRO 50MG
17131,APO-INDAPAMIDE 2.5MG
17133,APO-ISDN 5MG
28738,APO-LAMOTRIGINE 100MG
41983,APO-LEVOCARB 100/25MG
16712,APO-LEVOCARB 250/25
16541,APO-MEGESTROL 160MG
22580,APO-MELOXICAM 7.5MG
26327,APO-METOPROLOL 100MG
32730,APO-NAPRO NA 275MG
22537,APO-NAPRO NA 550MG
16553,APO-NITROFURANTOIN 100MG
16552,APO-OLANZAPINE 5MG
37509,APO-ONDANSETRON 4MG
37786,APO-PERPHENAZINE 4MG
17287,APO-PRAVASTATIN 20MG
37787,APO-PROPRANOLOL 10MG
19058,APO-PROPRANOLOL 40MG
33674,APO-QUETIAPINE 100MG
16897,APO-QUETIAPINE 200MG
17036,APO-QUETIAPINE 25MG
17338,APO-RISPERIDONE 1MG
17339,APO-RISPERIDONE 2MG
16942,APO-ROSUVASTATIN 10MG
16944,APO-ROSUVASTATIN 20MG
18135,APO-SERTRALINE 50MG
17886,APO-SUMATRIPTAN 100MG
22128,APO-SUMATRIPTAN 50MG
19300,APO-TERBINAFINE 250MG
6420,APO-TRIFLUOPERAZINE 5MG
17805,APO-TRIHEX 2MG
32480,APO-WARFARIN 1MG
33370,APO-WARFARIN 2MG
44984,APO-WARFARIN 5MG
28758,APREZO 30MG
19535,APREZO STARTER PACK
19536,APROVASC 150/10MG
1479,APROVASC 150/5MG
20104,APROVASC 300/10MG
20105,APROVASC 300/5MG
46742,APROVEL 150MG
31601,APROVEL 300MG
31598,ARABITRO TABLETS 250MG
31608,ARAVA 10MG
31609,ARAVA 20MG
31607,ARCOXIA 120MG
31606,ARCOXIA 90MG
16408,ARIAN 10MG
16406,ARICEPT EVESS 10MG
16428,ARICEPT EVESS 5MG
47690,ARILIFT 10MG
24175,ARIMIDEX 1MG
2077,ARIPTOR TABLET 10MG
40636,ARIPTOR TABLET 15MG
40663,ARIXTRA 2.5MG/0.5ML SOLUTION FOR INJECTION
40635,AROMASIN 25MG
16036,ARROX 7.5MG
31326,ARTRODAR 50MG
17475,ASLENE 120MG
47287,ASOLAN 0.5MG
31841,ASTATIN 10MG
18332,ASTATIN 20MG
918,ASTATIN 40MG
917,ASTHALIN INHALER MDI 200 METERED DOSES
18333,ASTHALIN RESPULES 2.5MG
38113,ASTHATOR 10MG
38112,ASTHATOR 4MG
28417,ASTHATOR 5MG
42482,ASU MINOXIDIL 0.05 TOPICAL SOLUTION 60ML
40208,ASUMED LEVOCET SYRUP 0.5MG/ML 60ML
40213,ATACAND 16MG
16532,ATACAND 8MG
17677,ATACAND PLUS 16/12.5MG
17674,ATC VITAMIN B12 INJECTION 1000MCG/ML 10ML
17673,ATECTURA BREEZHALER 150/160
17672,ATECTURA BREEZHALER 150/320
41970,ATEHEXAL 100MG
16491,ATEHEXAL 50MG
17841,ATENOL 100MG
16493,ATENOL 50MG
16492,ATENOLOL 100MG
45393,ATORIS 20MG
16989,ATORIS 40MG
16861,ATORVAS TABLET 20MG
16863,ATOZET 10MG/20MG
40620,ATOZET 10MG/40MG
32420,ATROVENT 0.00025 SOLUTION 20ML
38520,ATROVENT N INHALER 10ML
38521,AUGMENTIN 625MG TAB
35111,AUGMENTIN SYRUP 228MG/5ML 70ML
35112,AURASERT 50MG
35114,AUROBINDO ONCHOFIN 250MG
35115,AUROBINDO ONCHOFIN 250MG 2
35113,AURORIX 150MG
46100,AUROXETIL 250MG
27544,AVADOL SUSPENSION 250MG/5ML STRAWBERRY 90ML
34387,AVAMYS NASAL SPRAY 120 DOSES
27065,AVAMYS NASAL SPRAY 60 DOSES
17199,AVASTIN INJECTION 100MG/4ML
17007,AVAXIM VACCINE SUSP FOR INJ
40199,AVELOX
40200,AVETEN 50MG
23346,AVEX AVEGESIC TABLET 15MG
44791,AVEX AVEZOL CAPSULE 150MG
43835,AVEXUS 500MG
23532,AVODART
4845,AVOGRA TABLET 100MG
46151,AVONAC SR 100MG
16999,AVORIUS 5MG
46355,AVORIX 0.5MG
47618,AVOTYNE 10MG
18716,AVOZINE 5MG
18715,AXCEL BETAMETHASONE CREAM 15G
16371,AXCEL CEFUROXIME 250MG
16372,AXCEL CEPHALEXIN 500MG 100S
16370,AXCEL CEPHALEXIN 500MG 10S
45876,AXCEL CEPHALEXIN 500MG 1S
45943,AXCEL CETIRIZINE SYRUP 100ML
23085,AXCEL CIMETIDINE 200MG
38715,AXCEL CIMETIDINE 400MG
45623,AXCEL CLINDAMYCIN 0.01 SOLUTION 30ML
45621,AXCEL DICYCLOMINE-S SYRUP 100ML
36466,AXCEL GLIMEPIRIDE 2MG
29451,AXCEL IBUPROFEN PAEDIATRIC SYRUP 100ML
29452,AXCEL LIGNOCAINE GEL 20G
30184,AXCEL OXYMETAZOLINE 0.00025 NASAL DROP 10ML
45941,AXCEL OXYMETAZOLINE 0.0005 NASAL SPRAY 10ML
42267,AXCEL PHENTERMINE 30MG
42358,AXCEL SALBUTAMOL SYRUP 100ML
36254,AXCEL VALACYCLOVIR-500
38538,AXINOL 20MG
43072,AZALIA 0.075MG
14116,AZAMUN AZATHIOPRINE 50MG
42617,AZARGA EYE DROPS 5ML
35799,AZITH 15ML
35800,AZITHRAL 500MG
16909,AZITHRO 250MG
43355,AZOPT 0.01 OPTH SUSPENSION EYE DROP 5ML
43356,AZOREN 20MG/5MG
41999,AZOREN 40MG/10MG
18081,AZOREN 40MG/5MG
36439,B CREAM 15G
41881,BACITRACIN-N OINTMENT 10G
5013,BACTAFUZ-B CREAM 15G
44811,BACTIGEN EYE DROPS 5ML
36585,BACTOPIC MUPIROCIN OINTMENT 0.02 15G
17746,BAPID 100MG
1500,BARACLUDE 0.5MG
18088,BEAFEMIC 250MG
17782,BEAGENTA EYE/EAR DROP
18086,BEATACYCLINE
17783,BEATAFED 10'S
18085,BEATAFED 500'S XX
18083,BECLATE-100 INHALER 200 METERED DOSES
17781,BECLOMET NASAL AQUA 50MG
18082,BECONASE AQUEOUS NASAL SPRAY 200 METERED ACTUATIONS
44716,BENA EXPECTORANT 120ML
15681,BENCODYL LINCTUS 100ML
41910,BENCOVEE CREAM 15G
16884,BENZAC AC 0.05 GEL 60G
36576,BENZAC AC GEL 0.05 15G
44914,BENZAPEN 2.4MIU INJ
44915,BERODUAL I.S. 20ML
16968,BERODUAL N METERED DOSE INHALER 200 METERED
16023,BEROTEC N 100MCG/PUFF METERED DOSE INHALER
29290,BESONIN AQUA NASAL SPRAY 100MCG/DOSE
29291,BETAC 20MG
22944,BETACIN EAR/EYE DROP 5ML
24733,BETACLOB CREAM 15GM
21761,BETACLOB CREAM 15GM 12
21760,BETACREAM 0.0472222222222222 CREAM
21265,BETAGEN EYE/EAR DROPS 5ML
5157,BETALOC 100MG
14062,BETALOC 50MG
17030,BETAMOX 250MG GRANULE 60ML
2022,BETAMOX 250MG TAB
46565,BETANOR 24MG
16659,BETASERC 24MG
46457,BETASOLVE 0.001 CREAM 20G
30281,BETAVAL-N CREAM 15G
37831,BETAVAL-N CREAM 15G 12
47649,BETMIGA 25MG
16620,BETMIGA 50MG
16615,BETNESONE-G CREAM 15G
16617,BETNOVATE CREAM 15G
16616,BETNOVATE-N CREAM 15G
36570,BEZARTAN IRBESARTAN 150MG
22928,BEZARTAN IRBESARTAN 150MG 3 X
22929,BEZARTAN IRBESARTAN 300MG
19149,BEZARTAN IRBESARTAN 300MG 3 X
17312,BICAL-50 BICALUTAMIDE TAB 50MG
17311,BICALOX 50MG
44640,BIDOL
17351,BILAXTEN 20MG
28668,BILAXTEN ODT 10MG
22324,BILAXTEN ODT 10MG 3
30602,BINOCRIT 10000IU/ 1ML INJECTION 1ML X
22574,BINOCRIT 2000IU/1ML INJECTION 1ML X
20950,BINOCRIT 4000IU/0.4ML INJECTION 1ML X
16169,BINOZYT F/C 500MG
16170,BIOCON BASALOG ONE 3ML
31562,BIOMOL INHALERS MDI 200 METERED DOSE 100MCG
31563,BIOSONE 100MCG/DOSE INHALER
31561,BIOXITIDE 25/125MCG 120 DOSE
31565,BIOXITIDE 25/250MCG
31566,BISOCOR 2.5MG
32203,BISOHEXAL 2.5MG
40057,BISOHEXAL 5MG
20779,BISOL F.C 5MG
35322,B-MYCIN CREAM 15G
29846,BONVIVA 150MG
29847,BOOSTRIX VACCINE
37567,BOTOX
34329,BRAUN G-50% 20ML
37276,BRAUN GLUCOSE INTRAVENOUS INFUSION G-5% 500ML
43615,BRAUN SODIUM CHLORIDE 0.009 100ML
44039,BRAUN SODIUM CHLORIDE 0.009 20ML
34587,BRAUN SODIUM CHLORIDE 0.009 250ML
34588,BRAUN SODIUM CHLORIDE 0.009 G-5% INFUSION 500ML
32984,BRAUN SODIUM CHLORIDE 0.03 500ML
32986,BRAUN SODIUM CHLORIDE INFUSION 0.009 1L
32985,BRAUN SODIUM CHLORIDE INFUSION 0.009 500ML
32981,BRAUN SODIUM CHLORIDE INJ.B.P NACL 0.009 10ML
32982,BRAUN WATER FOR INJECTION 10ML
17053,BRAUN WATER FOR INJECTION 500ML
17054,BREXIN 20MG
17055,BREZTRI AEROSPHERE 160/7.2/5 MCG 120 DOSE
17068,BRILINTA 60MG
17548,BRILINTA 90MG
20012,BRINTELLIX 10MG
32001,BRITALINE 2.5MG
26993,BRITALINE 2.5MG 3
34917,BRONKINE TAB 2.5MG
29530,BROZIL 300MG
42074,BRUFEN SUSPENSION SYRUP 100MG/5ML 90ML
22281,BS TAB
17208,BUFENCON INJ 5ML/ VIAL X
47337,BUMET 1MG
32174,BURINEX 1MG
41745,BUSCOPAN 10MG
17528,BUTAVENT RESPIRATOR SOLUTION 10ML
38367,CABAMINE INJECTION 1000MCG/ML
23279,CABOMETYX 40MG
36085,CADUET 10MG/10MG
37512,CADUET 10MG/20MG
18751,CADUET 10MG/40MG
43929,CADUET 5MG/10MG
20000,CADUET 5MG/20MG
16839,CADUET 5MG/40MG
45041,CAFERGOT 1'S
45040,CAFERGOT 20'S
36077,CAFFOX 10'S !!!
43331,CAFFOX 10'S X 10
17020,CALCIBET OINTMENT 30G
17021,CALCIGARD RETARD 20MG
17202,CALIBERI 20MG
17201,CALIBERI 5MG
16730,CALQUENCE HARD CAPSULE 100MG
16728,CAMAZOL 5MG
17206,CAMLODIN 10MG
17205,CAMLODIN 5MG
16726,CANDID CREAM 1%W/W 60G
16727,CANDID EAR DROPS 15ML
16725,CANDID V1
16055,CANDID V3
16054,CANDID-B CREAM 15G
34599,CANDID-B CREAM 60G
37790,CANDID-B LOTION 15ML
43593,CANDID-V GEL 30G
32024,CANDIGO VAGINAL PESSARY WITH APPLICATOR
32025,CANESPRO BIFONAZOLE ANTI-FUNGAL CREAM 0.01 W/W 15G
38155,CANESTEN V CREAM 0.01 10G
38154,CAPTOHEXAL 25MG
43428,CARDIL 120MG
18719,CARDIVIX 75MG FILM COATED TABLET
37623,CARDURA 2MG
35124,CARDURA XL 4MG
8250,CARIDINE SYRUP 60ML
8248,CARIN 10MG
8446,CARINOX
34992,CARVEDILOL HEXAL 25MG
21577,CARVEDILOL HEXAL 25MG 10
29889,CASODEX 50MG
36577,CATAFLAM 50MG
22080,CAVERJECT INJECTION 20MCG
17335,CAVERTA 100MG
17337,CAVSAMIR TABLETS 800MG
32596,CCM BEMETHA 0.5MG
37746,CCM DEXALONE 0.5MG
16364,CCM DEXALONE 0.75MG
16121,CCM DEXCHLORAMINE 2MG
21765,CCM- TROVITE IV INJECTION
41546,CEBROTONIN 1'S
41545,CEBROTONIN 30'S
4550,CEF-3 INJECTION IM 500MG
16027,CELEBREX 200MG
20419,CELEBREX 400MG
40137,CELLCEPT 250MG
37624,CELLCEPT 500MG
16099,CELOVAN POWDER FOR INJECTION 500MG 10 VIALS
20775,CEPHALEXIN 500MG
19240,CEPHALEXIN TABLETS MPI 500MG
17113,CERATOR EXTENDED - RELEASE TABLET 400MG 10
20776,CERATOR EXTENDED - RELEASE TABLET 400MG
37626,CERAZETTE 28'S
19241,CERETAM SOLUTION
16102,CERETAM TABLET 1200MG
20602,CERETAM TABLET 1200MG 3
37800,CERETAM TABLET 800MG
16311,CERITEC F.C. 10MG
16310,CERUVIN 75MG
16045,CETIRIZINE 10MG
16044,CETRAXAL PLUS EAR DROPS SOLUTION 10ML
17320,CETRIZET D
17321,CETYROL 10MG
16870,CEZTI 10MG
17044,CHAMPIX 0.5MG
17045,CHAMPIX 1MG
45893,CHLOPRPHENIRAMINE MALEATE BP 100MG/10ML
34035,CHLORITON 4MG
17935,CHLOROP EYE OINTMENT 5G
17836,CHLORPHENIRAMINE MALEATE BP 10MG/1ML AMPOULE
37554,CHOLIB 145MG/20MG
25120,CIALIS 20MG
16915,CIALIS 5MG
17154,CINNA 100'S
37793,CINNA 10'S
20773,CIPMAX EYE DROPS 5ML
20772,CIPRAM 20MG
41168,CIPROBAY 500MG
21812,CIPROBAY IV 200MG 100ML
21813,CIPRODAC 500MG
17397,CLAMENTIN INJECTION 1.2G
17143,CLARICLEAR NASAL 0.0005 SPRAY 15ML
20112,CLARINASE 24HR
20111,CLARINASE REPETAB
40354,CLARITYNE 10MG
27981,CLARITYNE SYRUP GRAPE 5MG 60ML
28161,CLAVOMAX 625MG TABLET
26033,CLAVOMAX 625MG TABLET 10
43659,CLEXANE 2000UI INJECTION
43658,CLEXANE 4000UI/0.4ML INJECTION
16383,CLEXANE 6000UI/0.6ML INJECTION
16382,CLOBET CREAM 10G
16381,CLOBEX SHAMPOO 0.0005 60ML
20249,CLOPIDOGREL CLOPISTAD 75MG
20248,CLOVIX TAB 75MG
41616,CLOZARIL 25MG
16325,CO-AMOXICLAV 625MG
16324,CO-APROVEL 150/12.5MG
43527,CO-APROVEL 300/12.5MG
16272,CO-DIOVAN 160/12.5MG
16126,CO-DIOVAN 160/25MG
16118,CO-DIOVAN 80/12.5MG
43516,#NAME?
27662,COLDTACT CAP
31264,COLIMIX SYRUP 90ML
7571,COMAZOLE N TABLET
2024,COMAZOLE N TABLET 100
36379,COMBIGAN EYE DROPS 5ML
17931,COMBINEB NEBULISER SOLUTION UNIT DOSE VIAL
19285,COMBIVENT UNIT DOSE VIALS
47412,COMBIWAVE FB 200
17279,COMBIWAVE SF125 150 METERED DOSES
19212,COMTAN 200MG
16433,CONCERTA 18MG XX
16431,CONCERTA 36MG
16435,CONCOR 10MG
16447,CONCOR 2.5MG
16882,CONCOR 5MG
16444,CONCOR 5MG + AMLODIPINE 10MG
44613,CONCOR 5MG + AMLODIPINE 5MG
14078,CONPANZOLE 20MG
3448,CONPANZOLE 40MG
18418,CONTRAVE 8MG/90MG TABLET
16665,CONTROLOC 20MG
28759,CONTROLOC 40MG
24229,COPAN INJECTION
24201,COPASTIN 10MG
17779,COPLAVIX 75/100MG
16467,CORALAN 5MG
16470,CORALAN 7.5MG
29880,CORDARONE 200MG
29877,CORDIPIN XL 40MG
37024,CORIFED TAB
17915,CORTIMENT 9MG
37659,COSMOFER INJECTION 50MG/ML 2ML X
37076,COSOPT OWI EYE DROP 2/0.5% 5ML
45217,COSOPT-S 0.2ML X
16916,COSYREL 10/10MG
16917,COSYREL 5/10MG
15966,COSYREL 5/5MG
15965,COTREN VAGINAL 500MG TABLETS
41212,COUGH-EN LINCTUS 120ML
28691,COVAPRIL 10'S
1385,COVAPRIL 10'S X 10
40220,COVASC 10MG
17669,COVASC 5MG
2082,COVASTIN 20MG
2086,COVERAM 10/10MG
2085,COVERAM 10/5MG
16609,COVERAM 5/10MG
16610,COVERAM 5/5MG
16608,COVERSYL 10MG
16503,COVERSYL 5MG
22554,COVERSYL PLUS 10MG/ 2.5MG
22556,COVERSYL PLUS 5MG/1.25MG
28150,COVINACE 4MG
9528,COVINACE 8MG
45887,COVINACE 8MG 3
31800,COZAAR 100MG
16709,COZAAR 50MG
46729,COZAAR XQ 5/100MG
16979,COZAAR XQ 5/50MG
36162,CRAVIT 0.005 EYE DROP 5ML
4997,CRAVIT 0.015 EYE DROP 5ML
4996,CRAVIT 250MG
17682,CRAVIT 500MG
16391,CRESEMBA 100MG CAPSULE
16390,CRESTOR 10MG
16392,CRESTOR 20MG
35185,CRESTOR 5MG
16460,CRINONE 0.08 PROGESTERONE VAGINAL GEL
16458,CRUSIA 2000IU SOLUTION FOR INJECTION
16456,CRYSTORVAS 20MG
16455,CRYSTORVAS 40MG
17871,CURAM 625MG
17873,CUTIVATE CREAM 15G
17874,CYBELLE 21'S
17872,CYCLOGEST 400MG
47581,CYMBALTA 30MG
40167,CYMBALTA 60MG
17457,CYRAMZA INJECTION 100MG/10ML VIAL
17451,CYRAMZA INJECTION 500MG/50ML VIAL
17452,D LL AVASTIN VIAL 100MG/4ML
40676,DAIVOBET OINTMENT 30G
16573,DAIVONEX OINTMENT 30G
16574,DAKTARIN CREAM 0.02 15G
16572,DAKTARIN ORAL GEL 0.02 15G
38677,DALACIN C 300MG CAPSULE
17040,DAONIL 5MG
27640,DAPRIL 10MG
34194,DAPRIL 20MG
40824,DAYLINA 3MG/ 0.02MG
40823,DAYVIGO 5MG
17107,D-CURE 25000IU ORAL SOLUTION
17109,DECAN 0.75MG
21883,DECOLGEN 100'S
41624,DECOLGEN 10'S
17663,DECONDINE TAB
19215,DEFUZIN CREAM 15G
17008,DEFUZIN OINTMENT 15G
19214,DEFUZIN-B CREAM 15G
46231,DEFUZIN-B CREAM 15G 20
46230,DEPLATT 75MG
47007,DEPROPIN 25MG
23549,DERIVA AQUEOUS GEL ADAPALENE GEL MICROSHERES 0.001
16776,DERMAID 0.005 CREAM 15G
16516,DERMAL SA OINTMENT 15G
42043,DERMAZOL PLUS GEL 10G
42044,DERMOSOL CREAM 15G
15857,DERMOSONE CREAM 10G
20868,DERMOVATE CREAM 100G
23772,DERMOVATE CREAM 15G
43351,DERMOVATE OINTMENT 100G
43350,DERMOVATE OINTMENT 15G
37277,DESTIQ ER TABLET 100MG
41854,DESTIQ ER TABLET 50 MG
31857,DETRUSITOL 2MG
37660,DETRUSITOL SR 4MG
20837,DEXA-GENTAMICIN EYE DROPS 5ML
17017,DEXALTIN ORAL PASTE 2G
22540,DEXALTIN ORAL PASTE 2G X 10
14094,DEXCHLORMINE TAB
35108,DEXILANT 30MG
31232,DEXILANT 60MG
44761,DEZAL TABLET 5MG
15670,DHNP HYDROXYUREA
37807,DIAMICRON 80MG
16767,DIAMICRON MR 60MG
16172,DIAMIDE 2.5MG/500MG
41872,DIAMITEX 80MG
16894,DIANE 35
16895,DICETEL 100MG
16893,DICLORAN 50MG
17501,DICLOTROY EC 50MG
38684,DICODONE
47639,DIENILLE 21'S
47637,DIFFERIN GEL 0.001 30G
47636,DIFFLAM FORTE THROAT SPRAY 15ML
47640,DIFFLAM LOZENGES GREEN MINT FRESH
17922,DIFFLAM LOZENGES YELLOW HONEY LEMON
17917,DIFFLAM MOUTH GEL 10G
17919,DIFFLAM RASP ABACT LOZENGES RED SUGAR
47550,DIFFLAM SOLUTION 100ML
17188,DIFFLAM-C SOLUTION 100ML
36292,DIFLUCAN 150MG
15866,DIFLUCAN 50MG
15864,DIFNAL-K
17772,DILANTIN 100MG
45713,DILANTIN 30MG
17254,DILATREND 25MG
43530,DILATREND 6.25MG
46682,DIOVAN 160MG
15916,DIOVAN 80MG
16415,DIPHERELINE P.R. 3.75MG POWDER FOR INJ
23162,DIPHERELINE P.R. POWDER AND SOLVENT FOR SUSPENSION
23163,DIPROCEL OINT 100G
9405,DIPROGENTA CREAM 15G
16412,DIQUAS OPHTHALMIC SOLUTION 0.03
16413,DIQUAS-S OPTHALMIC SOLUTION 0.03
9403,DIVIGEL 1G
9404,DOMPER 10MG
18006,DORMICUM 7.5MG
16018,DOSANAC EMULSION GEL 25GM
16019,DOSTINEX 0.5MG
16286,DOXIUM 10'S
17899,DOXIUM 30'S
19816,DOXYCILLIN
16452,DOXYCYCLINE 100MG
16453,DUCRESSA EYE DROP 5ML
16454,DUODART 0.5MG/0.4MG
16450,DUOLIN RESPULES 2.5ML
16451,DUOLIN RESPULES 2.5ML
16441,DUOPHARMA ACTIMIN TAB
16442,DUOPHARMA ACTIMIN TAB 100
16440,DUOPHARMA BEAMOTIL TABLET
38686,DUOPHARMA BEAMOTIL TABLET 10
16438,DUOPHARMA BEAMOTIL TABLET 100
16439,DUOPHARMA CHLORAMINE 4MG
16437,DUOPHARMA CHLORAMINE 4MG 100
43586,DUOPHARMA CHLORAMINE SYRUP 2.5MG/5ML 90ML
43018,DUOPHARMA CHLORAMINE SYRUP 4MG/5ML 90ML
23409,DUOPHARMA DEXCHLORAMINE SYRUP 2MG/5ML 90ML
41927,DUOPHARMA DUOCOXIB 90MG
5153,DUOPHARMA HYDRINATE TABLET 50MG
17268,DUOPHARMA PROEZINE TABLET 25MG
44064,DUOPHARMA TACARLINE INJECTION 1MG/ML X
44065,DUOTRAV BAK-FREE 2.5ML
45056,DUOTRIC 400MG
17167,DUOVENT UNIT DOSE VIALS
15907,DUPHASTON
36546,DUROMINE 30MG XX
26201,DUROMINE 30MG
16254,DUSPATALIN 135MG
47713,DUTABIT 0.5MG
19632,DYCOSIC TABLET
18458,DYFENAMIC 250MG
38365,DYFENAMIC 500MG
44677,DYMENATE 1000'S
47184,DYMENATE 10'S
44676,DYMISTA NASAL SPRAY
44133,DYNA AMOXYCILLIN 250MG/5ML
44132,DYNA AMPICILLIN CAPSULE 250MG
45880,DYNA BETA FUSIDIC CREAM 15G
44618,DYNA CLOXACILLIN CAPSULE 500MG
44681,DYNA COLCHICINE 0.5MG
44683,DYNA COLCHICINE 0.5MG 10
41500,DYNA FUSIDIC CREAM 15G
41498,DYNA TICLOPIDINE TAB 250MG
5014,DYNADRYL SYRUP 100ML
35159,DYNAMET 200MG
45458,DYNAPHARM DYFENAC 50MG
17562,DYNAPHARM DYFENAC 50MG 10
6744,DYNAPHARM DYFENAC 50MG 100
6743,DYNAPHARM DYNIDAZOL TABLET 400MG
15980,DYNAPHARM MEXOMIDE 10MG 10
36863,DYNAPHARM MEXOMIDE 10MG
29666,DYNAVATE-N CREAM 15G
19299,DYRITON 1000'S !!!
19134,DYRITON 100'S !!!
25503,DYRITON 10'S !!!
809,DYRITON 1'S !!!
17627,EBIXA 10MG
47320,EBIXA 20MG
41871,ECONAZINE CREAM 10G
43410,ECONAZINE CREAM 20G
38591,ECONAZINE CREAM 40X20G
38061,ECONAZINE CREAM 50X10G
45123,ECORT CREAM 15G
37819,EFAMAT 600MG
37818,EFEXOR XR 150MG
45185,EFEXOR XR 37.5MG
45054,EFEXOR XR 75MG
45053,EFFEXIN 0.003 EAR DROPS 5ML
45055,EGO AZCLEAR MEDICATED LOTION 25G
16745,ELASTA 60MG
34027,ELIDEL CREAM 0.01 15G
34028,ELIPIX 120MG
38449,ELIPIX 90MG
41655,ELIQUIS 2.5MG
46820,ELIQUIS 5MG
36427,ELLA 30MG
19573,ELOMET CREAM 15G
37810,ELOMET OINTMENT 15G
19574,ELONZA 100MG TABLET 2
16866,EMANERA 40MG
5053,EMEND 125/80MG
5051,EMLA 0.05 CREAM 5G
16231,ENABLEX 7.5MG
16230,ENAHEXAL 20MG
35223,ENDIX CREAM 10G
33196,ENERZAIR BREEZHALER 150/50/160MCG
22382,ENGERIX B 20MCG
35026,ENSTILAR FOAM 50+500 MCG / G 60G
17236,ENTECA TAB 0.5MG
32704,ENTECAVIR SANDOZ 0.5MG
17474,ENTECAVIR STELLA 0.5MG 3 X
45619,ENTRESTO 100MG
45610,ENTRESTO 200MG
45612,ENTRESTO 50MG
17847,EPIDUO GEL 15G
17845,EPILIM 200MG
40156,EPILIM CHRONO 500MG
40158,EPILIM SYRUP 200MG/5ML 300ML
17759,EPIMATE 100MG
16183,EPIMATE 50
32779,EPREX PROTECS 2000IU 6 X 0.5ML
32780,EPREX PROTECS 4000IU
16902,EPREX PROTECS PFS 10000IU 6X1ML
16073,EQOVEX 120MG
16072,EQUFINA 50MG
20389,ERDOMED 300MG CAP
20388,ERLEADA 60MG
37230,ERYTHROMYCIN ES 400MG
27666,ESCAPELLE 1.5MG
34740,ESCIPRA 10MG
28403,ESLO
41909,E-SOL GEL 10G
37148,ESOMAC 40MG
24469,ESOZ 40MG
25292,ESPRAN 10MG
24132,ESTELLE-35 21'S
2025,ET CREAM 10G
16288,ET CREAM 10G 50
16289,ETIMICOL - EZITIMIBE 10MG
17161,ETROBAX 60MG
34656,EURYTHMIC 200MG
21884,EUTHYROX 100MCG
46910,EUTHYROX 25MCG
43932,EUTHYROX 50MCG
17712,EVRA TRANSDERMAL PATCHES
17713,EXELON 1.5MG
17714,EXELON 3MG
5074,EXELON 4.5MG
38501,EXELON PATCH 10CM
36308,EXELON PATCH 15CM
36307,EXELON PATCH 5CM
35073,EXFORGE 10/160MG
46245,EXFORGE 5/160MG
17819,EXFORGE 5/80MG
46089,EXFORGE HCT 10MG/160MG/12.5MG
37008,EXFORGE HCT 10MG/160MG/25MG
33308,EXFORGE HCT 5MG/160MG/12.5MG
17218,EXTEMENT 100MG CHEWABLE TAB
21855,EYLEA 40MG/ML INJECTION
21857,EZ CREAM 15G
21856,EZEDE 10MG
17574,EZENOL 160MG
17576,EZETROL 10MG
24954,FAMODINE TABLET
25127,FASTUM GEL 30G
27712,FASTUM GEL 50G
17685,FDC IOBRIM 0.0015 EYEDROPS 5ML
26433,FEBRICOL 10'S XX
17554,FEBRICOL RX
17239,FEBURIC 80MG
17237,FEBUTON 80MG
38683,FEDAC
17716,FEDAC SYRUP 60ML
17717,FELOCOR 10MG
17049,FELOCOR 5MG
17597,FEMARA 2.5MG
17595,FEMOSTON 45931
17596,FEMOSTON 45932
17600,FEMOSTON CONTI 45778
17598,FENAC INJECTION AMPOULES 25MG/ML
17599,FENAMON 10MG
45085,FENO TAB
17524,FENO TG 160MG
22840,FENOLIP M 200MG
22839,FENOSUP LIDOSE 160MG CAPSULE
16584,FINAINTAS 5MG
16583,FINAPECIA 1MG
16849,FINASTIR 5MG
16074,FINCAR 5MG 10
16831,FINCAR 5MG
44994,FIRIALTA 10MG
16141,FIRIALTA 20MG
44823,FIRMAGON POWDER AND SOLVENT FOR SOLUTION FOR
32732,FLEGESIC GEL 0.05 50G
17326,FLEXIN 20
46208,FLIXONASE AQUEOUS NASAL SPRAY 50MCG 150 DOSES
17648,FLIXOTIDE 125MCG EVOHALER 120 DOSES
17649,FLIXOTIDE EVOHALER 50MCG 120D
17650,FLUANXOL 0.5MG
17636,FLUANXOL DEPOT INJECTION 20MG/ML
24051,FLUARIX TETRA NORTH
17398,FLUCOR DAY - ALCOHOL FREE XX
15947,FLUCOR DAY PE XX
16890,FLUCOR DAY PE
33921,FLUCOR NIGHT
20761,FLUCOZOL 150MG
19287,FLUDAN CAPS 5MG
17661,FLUHALT CAP 75MG
18344,FLUHALT FOR ORAL SUSPENSION 60MG/5ML
42101,FLUOVEX CAP 20MG
42100,FLUTIFORM 250MCG/10MCG
46253,FLUTIFORM 50MCG/5MCG
46255,FLUTIFORM INHALER 125/5 120 PUFFS
46266,FLUTIMATE NASAL SPRAY 50MCG 120 SPRAYS
21082,FORKNOW 100'S
21081,FORKNOW 10'S
33666,FORTZAAR 100/25MG
33050,FORXIGA 10MG
46716,FOSAMAX PLUS 5600IU
38529,FOSRENOL 1000MG
34938,FOSRENOL 500MG
36259,FOSTER NEXTHALER/DRY POWDER INHALER 100/6MCG
35939,FRAIZERON
9283,FRAXIPARINE INJECTION 0.3ML
17701,FRISIUM 10MG
16333,FUCICORT CREAM 15G
16334,FUCICORT CREAM 5G
29099,FUCID CREAM 15G
27213,FUCID CREAM 15G 12
12975,FUCID OINTMENT 15G
37730,FUCID OINTMENT 15G 12
47011,FUCIDIN CREAM 15G
12989,FUCIDIN CREAM 5G
17826,FUCIDIN H CREAM 15G
16312,FUCIDIN H CREAM 5G
16313,FUCIDIN OINTMENT 15G
16314,FUCIDIN TABLETS
28689,FUCITHALMIC VISC EYE DROPS 5G
29634,FUSIDASOL CREAM 15G
25524,FUSIX 40MG
33101,FYCOMPA 2MG
26652,FYCOMPA 4MG
35897,GABAPIN 600MG
44234,GALVUS 50MG
16464,GALVUS MET 50/1000MG
17923,GALVUS MET 50/500MG
21745,GALVUS MET 50/850MG
43950,GANATON 50MG
24079,GANFORT EYE DROPS 3ML
16201,GANFORT PF 0.3/5 EYE DROPS 30 X 0.4ML
16200,GARASENT 80MG INJ
17352,GARBOSE 100MG
37811,GARBOSE 50MG
16202,GEFITINIB INTEGA 250MG
16207,GEFITINIB SANDOZ 250MG
16206,GENESSA 250MG
16205,GENEXIBAN 2.5MG
47151,GENOTROPIN GQ 120MG
16899,GENOTROPIN GQ 12MG
27674,GENTA-DEX 5ML
17416,GENTA-DEX 5ML X 10
38490,GENTAMICIN-POS 5ML
17415,GENTAMICIN-POS EYE OINTMENT 2.5G
23842,GIOTRIF 30MG
29532,GIOTRIF 40MG
41906,GLANATEC OPHTHALMIC SOLUTION 0.004 5ML
41905,GLENCET 5MG
17374,GLENCET 5MG 5
17375,GLENCET M FILM-COATED TABLET
17380,GLENMARK BUDESMA
17381,GLENMARK KETO PLUS SHAMPOO 60ML
17379,GLENMARK RYALTRIS 120MD
17764,GLICLADA MR 30MG
17763,GLICLAZIDE 80MG
17378,GLIMETOR 2MG TABLETS
17376,GLIVEC 400MG
15976,GLIX 5MG
31295,GLUCOMIN G 500/5
46129,GLUCOMIN G 500/5 12
30291,GLUCOPHAGE 1000MG
22898,GLUCOPHAGE 500MG
46680,GLUCOPHAGE 850MG
47006,GLUCOPHAGE XR 1000MG
40756,GLUCOPHAGE XR 500MG
33582,GLUCOPHAGE XR 750MG
36090,GLUCOVANCE 500/2.5
47135,GLUCOVANCE 500/5
41749,GLUCOXIT 500MG
21226,GLUMET DC
21225,GLUMET XR 500MG
17443,GLUMET XR 750MG
17726,GLUMET-FORTE 100'S
37812,GLUMET-FORTE 1'S
15673,GLUMET-FORTE 20'S
18758,GLUVECRON MR 30MG
40477,GLYMET 5/500MG
32287,GLYXAMBI 10MG+5MG
40482,GLYXAMBI 25MG+5MG
15876,GOUTNOR 0.5MG
17025,GOUTNOR 0.6MG
16724,GRACURE DESTACURE SYRUP 2.5MG/5ML 60ML
16722,GRACURE GELOXIB 200MG
15880,GUADEX LINCTUS 90ML
15882,GUADEX LINCTUS 90ML 48
15884,HADOL 5MG
15883,HARNAL 0.4MG OCAS
15885,HARTMANN SOLUTION 1L
18974,HARTMANN'S SOLUTION COMPOUND SODIUM LACTATE 500ML
40311,HCQS TAB 200MG
29426,HEAMIC-T
29427,HEAMOFER IV
22713,HEPURI F.C TABLET 0.5MG
22714,HERBESSER 30MG
18889,HERBESSER 60MG
20974,HERBESSER R 100MG
20985,HERBESSER R 200MG
28528,HERBESSER S.R. 90MG
28531,HERPESAN GEL 5G
17409,HETERO ALZER 10MG
37829,HETERO OLMESAR 20MG
19569,HETERO OLMESAR 40MG
37874,HEXAXIM SUSPENSION FOR INJECTION 0.5ML
20322,HIDRASEC 100MG
38046,HIDRASEC 10MG INFANT SAC
38531,HIDRASEC 30MG CHILDREN SAC
36706,HIPROGIN INJ 250MG/ ML AMP
17401,HIRAPINE 200MG
17402,HIRSUTIN 5MG
17400,HOE BENOSONE CREAM 15G
24981,HOE BENOSONE OINTMENT 15G
32828,HOE BEPROGEL TOPICAL SOLUTION 30ML
25248,HOE BEPROGENT CREAM 15G
25247,HOE BEPROGENT OINTMENT 15G
43152,HOE BEPROSALIC LOTION 30ML
37017,HOE BEPROSALIC OINTMENT 15G
33138,HOE BEPROSALIC OINTMENT 15G X 12
17695,HOE BEPROSONE CREAM 15G
17696,HOE BEPROSONE OINTMENT 15G
17697,HOE CANDACORT CREAM 15G
17426,HOE CLODERM CREAM 15G
17427,HOE CLODERM OINTMENT 15G
17428,HOE CLODERM SCALP APPLICATION 0.0005 30ML
16504,HOE CLODERM SHAMPOO 0.0005 60ML
16505,HOE DECOCORT CREAM 15G
16506,HOE DECOZOL CREAM 15G
16507,HOE DECOZOL ORAL GEL 15G
16508,HOE DEZOR PLUS SHAMPOO 120ML
16509,HOE DEZOR PLUS SHAMPOO 60ML
16749,HOE ECOCORT CREAM 15G
16750,HOE ECOCORT CREAM 15G X 12
16751,HOE ELONIDE SPRAY 140DOSE
17301,HOE ELONIDE SPRAY 60 DOSE
41462,HOE ELOSONE CREAM 15G
40379,HOE ELOSONE LOTION 30ML
40380,HOE ELOSONE OINTMENT 15G
40364,HOE EZENIDE LOTION 30ML
40365,HOE FLUTINIDE NASAL SPRAY 50MCG 120DOSES
47005,HOE FOBAN CREAM 15G
26415,HOE FOBAN CREAM 5G
17704,HOE FOBAN HYDRO CREAM 15G
17708,HOE FOBAN HYDRO OINTMENT 15G
17709,HOE FOBAN OINTMENT 15G
17710,HOE FOBAN OINTMENT 5G
17705,HOE FOBANCORT CREAM 15G
17706,HOE FOBANCORT CREAM 5G
17707,HOE FOBANCORT OINTMENT 15G
35679,HOE GENTAMICIN CREAM 15G
33621,HOE H-CORT CREAM 15G
25800,HOE H-CORT OINTMENT 15G
32797,HOE ORREPASTE 0.001 5G
13873,HOE OXY-NASE 0.00025 PAEDIATRIC NASAL DROPS 10ML
13875,HOE OXY-NASE 0.00025 PAEDIATRIC NASAL SPRAY 15ML
16190,HOE OXY-NASE 0.0005 NASAL DROPS 10ML
16199,HOE OXY-NASE 0.0005 NASAL SPRAY 15ML
16233,HOE T3 ADA GEL 25G
16234,HOE T3 MYCIN GEL 25G
37832,HOE T3 MYCIN LOTION 30ML
17317,HOE U-CLOSONE CREAM 15G
17316,HOE U-CLOSONE OINTMENT 15G
16225,HORF LOZENGES
16179,HOVID ACTIHIST SYRUP 120ML
16191,HOVID ALLOPURINOL 100MG TABLET
16226,HOVID AMOXICAP 500MG
22532,HOVID AMOXIGRAN 125MG GRANULES 60ML
34291,HOVID AMOXIGRAN GRANULES 125MG/5ML
16232,HOVID BECLOVID-C CREAM 15G
37833,HOVID BETASONE CREAM 15G
30257,HOVID BUTYLIN 1.5MG/5ML SYRUP
47474,HOVID CARZEPIN 200MG
13877,HOVID CELECOXIB 200MG
13819,HOVID CLAMIDE 5MG
16194,HOVID CLOFENAC 50MG
16945,HOVID CLOFENAC SR 100MG
16987,HOVID CLOPIVID 75MG
16955,HOVID CLOXACAP 500MG
16185,HOVID COLODIUM 2MG
16518,HOVID DAPAVID 10MG
16823,HOVID DAPAVID 10MG 4
17100,HOVID DIABETMIN 500MG
37834,HOVID DIABETMIN 850MG
13816,HOVID DIABETMIN 850MG 10
15913,HOVID DIABETMIN RETARD
16189,HOVID DIABETMIN XR 500MG
47662,HOVID DIABETMIN XR 750MG
15828,HOVID DIAMIDE 5/500
44679,HOVID DIFLUVID 150MG CAP
16258,HOVID DISUF-B CREAM 15G
18539,HOVID DOPATAB M250
47475,HOVID ERETAF ORODISPERSIBLE FILMS 20MG
17614,HOVID ESCITALOPRAM TAB 10MG
19199,HOVID FAMOTIDINE 20MG
18020,HOVID FAMOTIDINE 40MG
15854,HOVID FELXICAM 20MG
18611,HOVID FLOVID OFLOXACIN 200MG
17960,HOVID GENTAMICIN 0.001 CREAM 15G
47693,HOVID GLIMARYL 2MG
17096,HOVID GLIMICRON 80MG
17095,HOVID GRISEOFULVIN 500MG FILM-COATED
15953,HOVID HORAMINE TABLET 4MG
46516,HOVID HORGESIC
46515,HOVID HOSEDYL DM 120ML
15859,HOVID HOSOLVON DM ELIXIR 120ML
15860,HOVID HOSOLVON TAB
40469,HOVID HOSOLVON TAB 10X
40468,HOVID HOVA EXPECTORANT
15861,HOVID HOVASC 10MG
17720,HOVID HOVASC 5MG
18023,HOVID INOX
34583,HOVID LIPIDUCE 20MG
20518,HOVID MOFECON 500MG
20519,HOVID MONTELAIR 10MG F/C
47285,HOVID MONTELAIR 5MG
32598,HOVID NEO-BETASONE CREAM 15G
37477,HOVID NEOMYCIN CREAM 0.005 15G
15998,HOVID OMEZOLE 20MG
16000,HOVID PENGESIC 50MG
17115,HOVID ROSUVASTATIN 20MG
32991,HOVID ROSUVASTATIN 20MG 3
32993,HOVID SETROF 50MG
17225,HOVID SMOOD 10MG
15867,HOVID STAVID 20MG
17094,HOVID TERNOLOL 100MG FILM-COATED
16086,HOVID TERNOLOL 50MG FILM-COATED
16950,HOVID VENTAMOL EXPECTORANT 100ML
16949,HOVID VIREST 0.05 CREAM 5G
21530,HUMALOG 100 U/ML KWIKPEN 3ML
18027,HUMALOG MIX25 100 U/ML KWIKPEN
18028,HUMALOG MIX50 100 U/ML KWIKPEN
18029,HYDROCHLORZIDE 50MG
18026,HYDROCORTISON ORION TAB 10MG
24443,HYDROCORTISONE 100MG INJECTION
24445,HYOMIDE TABLET 10MG
43102,HYRIMOZ 40MG/0.8ML SOLUTION FOR INJECTION IN PRE-FILLED PEN
47122,HYTRIN 2MG
47554,HYTRIN 5MG
17344,HYZAAR 100/12.5MG
16800,HYZAAR 50/12.5MG
43034,IBRANCE 100MG
43036,IBRANCE 75MG
22069,IBRANCE CAP 125MG
22070,IBRELYN 100MG
22068,IBUPROFEN 400MG
21005,IFIMOL IV PARACETAMOL SOLUTION FOR IV INFUSION 10MG/ML
21006,IKERVIS 1MG/ML
17346,ILIADIN NASAL DROPS FOR ADULTS AND SCHOOL CHILDREN
17347,ILIADIN NASAL DROPS FOR INFANTS 0.0001 5ML
17348,ILIADIN NASAL DROPS FOR SMALL CHILDREN 0.00025 10ML
16634,IMDEX 60MG CR
16631,IMDUR 30MG
15833,IMDUR 60MG
17838,IMEKS DOPROCT RECTAL OINTMENT 10GM
17882,IMEXA POWDER FOR ORAL SUSPENSION 200MG/5ML
18721,IMIGRAN 50MG
18722,IMIPENEM/CILASTATIN KABI 500MG/500MG POWDER FOR INFUSION
17240,IMODIUM 2MG
28153,IMOVANE 7.5MG
26487,IMPLANON NXT 68MG
45060,IMURAN 50MG
16374,INDECIN CAPSULE 25MG
17545,INDERAL 10MG
17544,INDERAL 40MG
16463,INFUSOL D50
16461,INFUSOL HSD5
31370,INFUSOL NS
31988,INFUSOL NS SODIUM CHLORIDE 0.009 1000ML
31080,INFUSOL NSD5
47145,INFUSOL W WATER FOR INJECTIONS BP 10ML
40424,INFUSOL W WATER FOR INJECTIONS BP 10ML X
40425,INJECSOL MAGNESIUM SULPHATE INJECTION 5ML X
18759,INNOHEP INJ 3500/0.35ML
37835,INOVELON 60'S
18760,INSPRA 50MG
17405,INTACAPE 500MG 12
43183,INTASZORYL 3MG
449,INTRIL SR 1.5MG
35,INVANZ INJECTION / INFUSION
448,INVEGA 6MG
16644,INVOKANA 100MG
16645,INVOKANA 300MG
16643,INVORIL 10MG
16639,INVORIL 5MG
16640,IOTIM EYE DROP 0.005
16641,IPOLIPID 300 CAP
46077,IQNYDE 100MG
16053,IRBEMAC 150MG
15955,IRBEMAC 300MG
15956,IRBEMAC H 300/12.5MG
24081,IRESSA 250MG
24080,ISOMONIT 60 RETARD
33014,ISOPTO CARPINE 0.02 STERILE OPHTHALMIC SOLUTION 15ML
5093,ISORADIN CREAM 10G
5095,IVASWIFT 5MG
37838,IXIME TAB 400MG
17147,IZBA EYE DROP
16536,JANACIN 100'S
16537,JANACIN 1'S***
16538,JANACIN 4'S***
16539,JANUMET 50/1000MG
45083,JANUMET 50/500MG
45594,JANUMET 50/850MG
45306,JANUMET XR 100/1000MG
31262,JANUMET XR 50/1000MG
31582,JANUMET XR 50/500MG
21794,JANUVIA 100MG
33126,JANUVIA 25MG
25576,JANUVIA 50MG
25602,JARDIANCE 10MG
44266,JARDIANCE 25MG
38609,JARDIANCE DUO 12.5/1000
21232,JARDIANCE DUO 12.5/500
44624,JARDIANCE DUO 12.5/850
17727,JARDIANCE DUO 5/500
16216,KALIMATE 5G
37139,KAMAGRA 100MG
40061,KAMIREN XL 4MG
28615,KANARB 120MG
16275,KANOLONE ORAL BASE 5G
16277,KANOLONE ORAL BASE 5G X 12
16276,KCK MICO CREAM 15G
6174,KCK MICO CREAM 20G
6172,KCK REXOLONE SYRUP 100ML 3MG/5ML
6173,KCK REXOM HYDROCORTISONE CREAM 0.01 15G
6168,KEFENTECH ANALGESIC PLASTER
6166,KEFENTECH ANALGESIC PLASTER 20
6167,KENHANCER PLASTER
6169,KENO ORAL PASTE 3G
6170,KENO ORAL PASTE 3G X 12
19897,KEPPRA 250MG
19931,KEPPRA 500MG
17012,KEPPRA ORAL SOLUTION 100MG 300ML CASH ONLY
17013,KETESSE 10'S
17011,KETESSE 1'S
44366,KETESSE 20'S
44367,KETOSTERIL 100'S
25903,KETOSTERIL 1'S
25904,KETOSTERIL 20'S
23106,KETOTOP PLASTER 30MG
25901,KETOTOP PLASTER 30MG 20
25902,KIDIMAC 15ML
22912,KLACID FC 500MG
29188,KLACID GRANULES 250MG/5ML 60ML
29183,KLACID HP7
29184,KLACID MR
29186,KLORAXIN EYE OINT
29187,KNOWFUL 800MG
29181,KNOWFUL INJECTION 200MG/ML 10AMPOULES
29179,KOGREL 75MG
27731,KOMBIGLYZE XR 5/1000MG
21815,KOMBIGLYZE XR 5/500MG
21814,KONZERT CREAM 20G
30665,KOP 0.025 GEL 20MG
17552,KOTRA MINOX 0.05 60ML
37839,KRISOVIN 500MG
37916,KRKA DASSELTA 5MG
46088,KRKA DASSELTA 5MG 10
6777,KRKA GLICLADA 60MG MODIFIED RELEASE
16070,KRKA MARIXINO 10MG
16069,KRKA MARIXINO 10MG 4
37841,KRYXANA
27344,KYTRIL 1MG
27345,KYTRON
27346,LAKAN INJECTION 0.01 10ML
17139,LAMICTAL 100MG
17140,LAMICTAL 25MG
25151,LAMICTAL 50MG
20993,LAMICTAL DISPERSIBLE TABLET 5MG
17876,LAMITOR 100MG
16302,LAMITOR 50MG
16304,LAMIVUDINE 150MG & ZIDOVUDINE 300MG
32626,LANOLONE 100'S
32625,LANOLONE 10'S
44810,LANOXIN 0.0625MG
23835,LANOXIN 0.25MG
16280,LANPRO 30MG
16279,LANZOTRED CAP 40MG
25606,LASIX 40MG
19852,LATUDA 20MG
16931,LATUDA 40MG
47235,LATUDA 80MG
17227,LENANGIO 5
19254,LENANGION 15MG
19631,LENVIMA 10MG
17643,LENVIMA 4MG
22447,"LENZETTO 1.53MG/SPRAY TRANSDERMAL SPRAY, SOLUTION"
22446,LETARA 2.5 MG TABLETS
22479,LETRONAT 2.5MG
36593,LEVEMIR FLEXPEN 100IU/ML 3ML
45911,LEVET 500MG
28940,LEVOMED 250/25
28938,LEVOZIN
46310,LEXAPRO 10MG
37917,LEXOTAN 1.5MG
42310,LIDONOSTRUM 0.1 W/V TOPICAL SPRAY 80G
29250,LIGNOPAD 0.05 MEDICAL PLASTER
17699,LINCOSA INJECTION 300MG/ML VIAL
37492,LIOBAC 10MG
25834,LIORESAL TABS 10MG
9279,LIPANTHYL PENTA 145MG
41847,LIPISTAD 10MG
19291,LIPITOR 10MG
26951,LIPITOR 20MG
16983,LIPITOR 40MG
18908,LIPITOR 80MG
18906,LIPOTHIN 200
18911,LISINOPRIL STADA 20MG
45191,LIVALO 2MG
37881,LIVALO 4MG
34340,LIVIAL 2.5MG
40668,LIXIANA 30MG
30307,LIXIANA 60MG
46757,LIZ 28'S
46758,LIZA 21'
34727,LOCANA INJECTION 0.02 50ML X
17538,LOCOA 40MG TRANSDERMAL PATCH 10 X
18925,LOCOA 40MG TRANSDERMAL PATCH
17001,LODOZ 2.5MG/6.25MG
17066,LODOZ 5MG/6.25MG
3277,LOETTE 21'S
42127,LOFRAL 10MG
7073,LOFRAL 5MG
26307,LOKELMA POWDER FOR ORAL SUSPENSION 5G X 30
18929,LOMODIUM 1000'S
17557,LOMODIUM 10'S
18928,LONSURF TABLET 15MG/6.14MG
30050,LONSURF TABLET 20MG/8.19MG
16575,LORAMIDE 10'S
16576,LORAMIDE 10'S X 50
16577,LORASTAD TABLET 10MG
16579,LORAZIN10MG 10 X
18930,LORAZIN10MG 10'S
18932,LORISTA H 50MG/12.5MG
16580,LORISTA HD 100MG/25MG
18934,LORVIQUA 100MG
16581,LORVIQUA 25MG
18933,LOTEMAX EYE DROP 5ML
18938,LOVASTIN 20MG
17615,LOXOTOP PAP 100MG PATCH
18937,LUMIGAN 0.0001 3ML
18939,LURATA 40MG TABLET
18940,LUSEFI 2.5MG
41956,LUSEFI 5MG
41959,LUVOX 100MG
15950,LUVOX 50MG
36151,LYGABA CAPSULE 75MG
43819,LYNPARZA 150MG
6521,LYRICA 150MG
36178,LYRICA 50MG
17243,LYRICA 75MG
17242,MACMENTA 20MG
18307,MADOPAR 250MG
18944,MADOPAR HBS 125MG
18943,MAGRILAN 20MG
18946,MALARONE 12'S
6299,MALON 10MG INJECTION 2ML/AMP
45174,MANACE INJECTION 5MG/1ML
15996,MAPIN INJECTION
43042,MARCAIN INJECTION 0.005 PDF 5 X 10ML
40462,MARVELON 0.03 + 0.15MG
44616,MAVILEX TAB 0.02MG
29210,MAXIDEX STERILE OPHTHALMIC PREPARATION 5ML
34240,MAXIGESIC 100'S
21631,MAXIGESIC 10'S
21632,MAXITROL EYE DROP 5ML
44992,MAXITROL EYE OINTMENT 3.5G
45325,MEDISPEC CETIZAL TABLET 5MG
19289,MEDIXON 4MG
24494,MEDOCHEMIE BROT 500MG TABLET
31681,MEDOCHEMIE CONVERIUM 300MG TABLET
31677,MEDOCHEMIE MEDOFLUCON 150MG
31678,MEDOCHEMIE MEDOLIN 4MG
16318,MEDOCHEMIE PRIACIN 20MG
16317,MEDOCHEMIE ULCERAN TABLET 40MG X 50
18950,MEDOCHEMIE ULCERAN TABLET 40MG
18949,MEDOCRIPTINE 10'S
44987,MEDOCRIPTINE 10'S X 10
34414,MEDOCRIPTINE 1'S
18956,MEDOSTATIN TABLET 20MG
17181,MEDOSTATIN TABLET 20MG 10
18955,MEFUROSAN CREAM 10G
18958,MEFUROSAN CREAM 10G 10
17901,MEGA AVARIN
18960,MEGA TAMSIN FORTE 0.4MG
46448,MEGEX-I SUSPENSION 800MG/20MG 20SAC
18953,MELAQUIN CREAM 20G
16785,MELASHINE CREAM 20G
18954,MELICRON 10'S
17497,MELICRON 1'S
26174,MELICRON 60'S
26175,MELOMET LOTION 0.001 W/W 30ML
17711,MELOXIM 15MG
26872,MEMENTOR 10MG
25939,MEMXA 10 ANTI-DEMENTIA
15928,MENELAT 30MG
18595,MEQSEL 0.5MG
19742,MERCILON 0.15/0.02MG
19744,MERISLON 1000'S !!!
5007,MERISLON 100'S !!!
28391,MERISLON 10'S !!!
28392,MERISLON 1'S !!!
5008,MESTINON 60MG
5009,METASONE CREAM 15G
44628,METASONE CREAM 15G 12
44629,METASONE OINTMENT 15G
26212,METASONE OINTMENT 15G 12
26213,METAZINE 20MG
38621,METEOSPASMYL 10'S
37903,METEOSPASMYL 1'S
37904,METEOSPASMYL 30'S
37905,METFORMIN STELLA 850MG
43219,METHOTREXATE 2.5MG
38204,METHYCOBAL INJECTION 1ML 10
41632,METROGYL 200MG
44205,METROGYL 400MG
36303,METROGYL GEL 30G
36302,METROGYL INJECTION 5MG/ML 100ML
41195,METROGYL SUSPENSION 200MG/5ML 100ML
41196,METTA SR 500MG
32813,METTA SR 750MG
32740,MEZAVANT XL 1200MG
40729,MIACALCIC LIAM 50IU/1ML
40730,MIACALCIC N/SPRAY 200IU 14DOSE
40728,MIANSERIN 30MG
30679,MIANSERIN FILM COATED TABLETS 10MG
15682,MICARDIS 40MG
18726,MICARDIS 80MG
18966,MICARDIS PLUS 40/12.5MG
23331,MICARDIS PLUS 80/12.5MG
33045,MICORT CREAM 15G
33044,MICORT CREAM 15G 10
30488,MICROGYNON 30
46912,MICTONORM 56'S
15927,MICTONORM 7'S
18594,MILOSEC 20MG
18970,MINACORT CREAM 15G
16736,MINIPRESS 2MG
16187,MINIRIN 120MCG
37843,MINIRIN 60MCG
16188,MINISON 1MG
18352,MINULET 21'S
16079,MIRON 5MG
18351,MOBIC 100'S
34547,MOBIC 10'S
34548,MOBIC 1'S
34546,MODURIDE 50/5MG
30786,MOMATE CREAM 15G
30787,MOMATE NASAL SPRAY 140 DOSES
17412,MONAST 10MG
46789,MONKASTA TAB 10MG
18984,MONOCLOX INJECTION 500MG
18985,MONTELUKAST SANDOZ 10MG
38524,MONTELUKAST SANDOZ 5MG
27159,MONTEXIN 4MG
36965,MONTULAR 10MG
46888,MONUROL 3G
17686,MOTIDOM 10'S
47225,MOTIDOM 1'S
45387,MOTIDOM 500'S
18472,MOTIDONE 10MG 10
16384,MOTIDONE 10MG
18474,MOTIGUT 60ML
16385,MOTILIUM 10MG
18477,MOTILIUM 1MG/ML 100ML
16386,MOXI 400MG
18479,MPI CARBIMIN TABLETS 4MG
18478,MUCOLEX INJECTION 4MG/2ML
17276,MUCOPAIN GEL 15G
38648,MUCOPROM SYRUP 120ML
15930,MUCORID-P SYRUP 120ML
21596,MUCOSTA 100MG
17479,MUPOSTEN OINTMENT 15G
18987,MUSAFEN 10MG
16549,MVASI CONCENTRATE FOR SOLUTION FOR INFUSION 100MG/4ML
18991,MYCLAV 625 TABLET
23859,MYCODERM-C POWDER 75G
37663,MYCOFIT 250MG
23860,MYCOFIT 500MG
23858,MYLAN MYHEP ALL 400MG/100MG
15926,MYLERAN TAB 2MG
47266,MYONAL 50MG
16042,MYONIT INSTA 0.5MG
33888,MYONIT INSTA 0.5MG 5
34623,MYTAFF 25MG
32241,NAPHCON-A EYE DROP 15ML
44271,NASEHALER NASAL SPRAY 50MCG 18G
44268,NASONEX AQUEOUS NASAL SPRAY 0.0005 140DS
35323,NASONEX AQUEOUS NASAL SPRAY 0.0005 60DS
43618,NATRILIX SR 1.5MG
23921,NATRIXAM 1.5/10MG
23924,NATRIXAM 1.5/5MG
37463,NAVELBINE 30MG
16281,NAVELBINE SOFT CAPSULE 20MG
15992,N-BAC CREAM 15G
19003,NEBICARD 5MG
37664,NEBIDO INJECTION 1000MG 4ML
15993,NEBILET 5MG
40717,NEGATIL 200MG
46687,NEGATIL 50MG
43818,NEO DECA EYE/EAR DROPS 5ML
23281,NEO-MERCAZOLE 5MG
17355,NEO-PENOTRAN 14'S
19010,NEO-PENOTRAN 7'S
19011,NESP 40MG INJECTION SYRINGE
17865,NEULASTIM 0.6ML 6MG 1PFS
22359,NEURONTIN 100MG
47430,NEURONTIN 300MG
38221,NEURONTIN 600MG
22344,NEVANAC 0.001 OPHTHALMIC SUS. EYE DROP 5ML
37994,NEXAVAR 200MG
41315,NEXIUM 20MG
16051,NEXIUM 40MG
40279,NEXIUM IV INFUSION 40MG/5ML
33918,NEXPRO 40MG
16674,NICOL EYE DROPS 5ML
16672,NICORETTE GUMS 2MG
18965,NICORETTE GUMS 4MG
16394,NICORETTE INVISIPATCH 10MG/16HR
18964,NICORETTE INVISIPATCH 15MG/16HR
23781,NICORETTE INVISIPATCH 25MG/16HR
23779,NICORETTE QUICKMIST 1MG/SPR 150SPR
23780,NIFERIN SR NIFEDIPINE
23784,NIFERIN SR NIFEDIPINE 3
23782,NIMENRIX SFDPO 1X0.5ML GVL+SYR MY
23783,NINLARO HARD CAPSULE 4MG
30055,NITRODERM TTS 10MG
41899,NITRODERM TTS 5MG
17407,NITROGLYCERIN 0.5MG TAB
38462,NITROSOL AEROSOL SPRAY 400MCG
25260,NIZORAL SHAMPOO 0.02 100ML
22638,NOCDURNA ORAL LYOPHILISATE FOR SUBLINGUAL 25MCG
19022,NODON 5MG
40472,NOLPAZA 40MG
40474,NOLPAZA 40MG 2
40473,NOLVADEX D 20MG
46783,NORCOLUT 1S
16525,NORCOLUT 20'S
18415,NORCUTIN 10'S
19024,NORDETTE 21'S X 5
16355,NORDETTE 21'S
17537,NORDIPINE 10MG
44821,NORDIPINE 5MG
19029,NORFLEX 100'S
19031,NORFLEX 1'S
19032,NORFLEX 20'S
16297,NORFOX 400MG 10S
19033,NORFOX 400MG
19034,NORGESIC 12'S
16298,NORIDAY 28'S
1495,NORIDAY 28'SX3
22717,NORIPHARMA CORIFED SYRUP 120ML
19042,NORIPHARMA DEXFEN SYRUP 120ML
17756,NORIPHARMA FUSATE-H CREAM 15G
19043,NORMATEN 100MG
19045,NORMATEN 50MG
25128,NORMENS 5MG
17083,NORVASC 10MG
20072,NORVASC 5MG
44273,NORVIR 100MG
44124,NOVARTIS MYFORTIC 360MG
31214,NOVOGEN NOVUGAB 50MG
41289,NOVOGEN TADIGRA 20MG
16605,NOVOMIN 50MG
15918,NOVOMIN SYRUP 60ML
47432,NOVOMIX 30 FLEXPEN 3ML
40563,NOVONORM 0.5MG
37999,NOVONORM 1MG
19055,NOVONORM 2MG
45666,NOVUGEN AMVAL 10/160MG
15932,NOVUGEN AMVAL 5/160MG
20733,NOVUGEN AMVAL 5/80MG
20966,NOVUGEN APEXIB 2.5MG
18639,NOVUGEN APEXIB 5MG
46185,NOVUGEN AVAZET 10/20MG
40326,NOVUGEN AVAZET 10/40MG
18728,NOVUGEN DAPIGA 10MG
18727,NOVUGEN DAPIGA 10MG 3
16629,NOVUGEN DIAGLYCON MR 30MG
31843,NOVUGEN DIAGLYCON MR 60MG
19122,NOVUGEN DUORIDE - T 0.5MG/0.4MG CAPS
19124,NOVUGEN GOUTRIC 80MG
31077,NOVUGEN NOVAMTEL 10/40MG
38002,NOVUGEN NOVAMTEL 10/80MG
38004,NOVUGEN NOVAMTEL 5/40MG
14077,NOVUGEN NOVAMTEL 5/80MG
17262,NOVUGEN NOVTOR 10MG
18627,NOVUGEN NOVTOR 10MG 3
18630,NOVUGEN NOVTOR 20MG
17160,NOVUGEN NOVTOR 20MG 3
18629,NOVUGEN NOVUGAB 75MG
17283,NOVUGEN RENAXIN 5MG
18632,NOVUGEN RIVAX 10MG
40244,NOVUGEN RIVAX 15MG
40238,NOVUGEN RIVAX 20MG
40241,NOVUGEN TADIGRA 5MG
40242,NOVUGEN TADIGRA 5MG 3
46133,NOVUGEN VOZAN 10MG
47377,NOVUGEN VOZAN 20MG
46805,NOVYNETTE 21'S
46806,NOXAFIL 100MG
46804,NP GENTAMICIN CREAM 0.003 W/W 15G
46808,NUELIN SR BLISTER 125MG
42635,NUELIN SR BLISTER 250MG
43973,NUROFEN EXPRESS 342MG
43972,NUROFEN EXPRESS 684MG
43974,NUROFEN SYRUP FOR CHILDREN 60ML
44923,NURTEC 75MG ODT
44924,OCUDOR DORZOLAMIDE EYE DROP 5ML
44922,OESTROGEL 80G
41897,OFEV 100MG
41895,OFEV 150MG
41896,OFLO 200MG
41224,OFLO 400MG
44307,OLENZA 10MG TABLET
44305,OLENZA 5MG TABLET
44312,OLFEN-100 SR
44311,OLFEN-50 10'S !!!
44303,OLFEN-50 10'S X 10
44304,OLFEN-50 1'S !!!
44302,OLFEN-50 500'S !!!
44309,OLMETEC 20MG
46732,OLMETEC 40MG
46733,OLODIN 0.001 5ML
40283,OLTAD 20MG
41225,OMELON 20MG
47527,OMESEC 20MG
47526,OMETAC 14'S
47530,OMETAC 7'S
47531,OMIFLU 75MG
47529,OMILOCK 20MG
41226,ONDANSETRON KABI INJ 4MG/2ML
41626,ONE-ALPHA 0.5MCG
43540,ONE-ALPHA 1MCG
43541,ONEGABA 300MG
43539,ONGLYZA 5MG
43545,OPDIVO SOLUTION INJECTION 100MG
43546,OPDIVO SOLUTION INJECTION 40MG
43544,OPTIHIST EYE DROP 0.0005 W/V
17031,OPTIMOL 0.005 EYE DROPS 5ML
29475,OPTIMOL 0.005 EYE DROPS 5ML X
47219,ORAL AID LOTION 6ML
18623,ORAL AID LOTION
16342,ORALCON 21'S
18624,ORALCON 21'S X 3
18625,ORALIS PAIN RELIEF GEL ORANGE FLAVOUR 8G
16850,ORFARIN 3MG
25266,ORFARIN 5MG
16746,OROPLUS GEL
45892,OROXINE 100MCG
17079,OROXINE 50MCG
35126,ORPHENAMOL 1000'S !!!
19277,ORPHENAMOL 10'S !!!
16282,ORPHENAMOL 10'S X 10
19281,OSPAMOX 1000MG
32236,OSPAMOX 500MG
16047,OTEK-P EAR DROPS 5ML
38625,OVA-MIT TABLET 50MG
19155,OVIDREL 250 MICROGRAMS/0.5ML
19179,OVULET 50MG
19178,OZICLIDE MR
19180,PALVORED 100MG
38496,PALVORED 125MG
43179,PANACID 500MG
16819,PANADEINE
41182,PANTAZ 10'S
41181,PANTAZ 40MG
19253,PANTIUM-40 10'S
15987,PANTOCID INJECTION 40MG VIAL
17655,PANTOMAC 40MG
28032,PANTOPRAZOLE BEXIMCO 20MG
926,PANTOPRAZOLE SANDOZ 40MG
45671,PANTOR 40MG
19203,PARALGIN 100 X
19204,PARALGIN 10'S
43592,PARALGIN FORTE
43591,PARALGIN FORTE 60
34306,PARAS TAB
37890,PARIET 10MG
19206,PARIET 20MG
44604,PARMODIA 0.1MG
16919,PASURTA 70MG/1ML INJECTION
19189,PATADAY EYE DROP 2.5ML
5154,PATANOL STERILE OPHTHALMIC SOLUTION 0.001 5ML
34762,PAXLOVID 150/100MG
19171,PEACE SYRUP 60ML
16353,PEACE SYRUP 60ML 30
19172,PEDIAIR 4MG GRANULES
21429,PENATONE INJ 8MG/2NL AMP
17395,PENCOR 4
37667,PENICILLIN V TABLET 125MG
16911,PENTASA 500MG
19166,PENTASA SACHET PROLONGED RELEASE GRANULES 2G X 60
19164,PENTASA SUPPOSITORIES 1G
19165,PERINACE 4MG
44807,PERINDOSYL 4MG
32301,PERJETA 420MG CONCENTRATE FOR SOLUTION FOR INFUSION
32345,PHARMANIAGA CEPHALEXIN 500MG
29767,PHARMANIAGA CO-AMOXICLAV 228MG/5ML 70ML
29768,PHARMANIAGA CRUZOR 300MG
47394,PHARMANIAGA DIPHENHYDRAMINE SYRUP 120ML
28927,PHARMANIAGA EUVAX B
28928,PHARMANIAGA FLUCONAZOLE 150MG
36124,PHARMANIAGA LORATADINE TABLET 10MG
20590,PHARMANIAGA MEFENAMIC 500MG
31457,PHARMANIAGA MEFENAMIC 500MG 10
40286,PHARMANIAGA MELOXICAM 7.5MG
36386,PHARMANIAGA METOPROLOL 100MG
43616,PHARMANIAGA ROXATIN 10MG
17641,PHARMANIAGA ROXATIN 20MG
40076,PHARMANIAGA SALBUTAMOL EXPECTORANT 90ML
40074,PHARMANIAGA XYNOZ 5MG
40072,PHENOBARBITONE 30MG
15680,PHYSIOTENS 0.2MG
15969,PHYSIOTENS 0.4MG
45399,PIOLET 15MG
47293,PIOLET 30MG
1498,PIZOGRAN 0.5MG
44073,PK-MERZ 100'S
44074,PK-MERZ 1'S
45729,PK-MERZ 20'S
45047,PLACTA 75MG
34450,PLAQUENIL 15'S
36369,PLAQUENIL 1'S
36368,PLAQUENIL 60'S
17086,PLAVIX 75MG
40674,PLECAZ MR 60MG
17507,PLECAZ MR 60MG 3
17506,PLENDIL 10MG
21817,PLENDIL 2.5MG
37982,PLENDIL 5MG
46760,PLETAAL 100MG
40583,POCIN-H EAR DROPS 5ML
40584,POLARINE 10'S
44633,POLARINE 10'S X 100
44634,POLYBAMYCIN OINTMENT 10G
40421,POLYTET EYE OINTMENT TUBE
44669,PONSTAN 500MG
40733,PONTALON 500MG
40734,PONTEVIA AUTOINJ 120MG
40732,POSTINOR 10'S
40657,POSTINOR 2'S
40658,PP METOCLOPRAMIDE 10
40656,PP METOCLOPRAMIDE 100
37991,PP METOCLOPRAMIDE
17056,PP NAPROXEN 275MG
33678,PP NAPROXEN 275MG 10
33248,PP NAPROXEN 275MG 50
33247,PP NAPROXEN 550MG
32997,PRADAXA 110MG
32998,PRADAXA 150MG
32996,PRADAXA 75MG
20947,PRAVATAS 20 20MG
20946,PRAZOSIN 1MG
30809,PRAZOSIN 2MG
36459,PRAZOVEX 0.25MG
35052,PRAZOVEX 0.5MG
16927,PRED FORTE OPHTHALMIC SOLUTION STERILE EYE DROPS 5ML
16925,PREDNISOLONE 5MG
16592,PREDNISYN 5MG
16593,PREDSONE SYRUP 120ML
41777,PREGEB 75MG
41778,PREGNYL 5000IU
16404,PRELICA 150MG
16398,PRELICA 75MG
16401,PREMARIN 0.625MG
16402,PREMARIN VAGINAL CREAM 14G
16400,PRETENOL C 100MG
6784,PRETENOL C 50MG
16522,PREVACID 14'S
42535,PREVACID 1'S
42534,PREVACID 28'S
40475,PREVENAR 13V 0.5ML
32866,PREZEL 75MG
32859,PRIDRINATE 50MG SUPP
37845,PRILIGY 30MG
16030,PRILIGY 60MG
16095,PRIME ASMIN 2MG
15942,PRIME ASMIN 4MG
46517,PRIME ASMIN EXPECTORANT 90ML
46519,PRIME ATEBLOC 100MG
16091,PRIME ATEBLOC 100MG 10
25001,PRIME ATEBLOC 50MG
37846,PRIME ATEBLOC 50MG 10
17178,PRIME CLOMAZOL-B CREAM 15G
17523,PRIME DUZEN CREAM 5GM
16967,PRIME DUZEN-B CREAM 5GM
21235,PRIME GENTASONE CREAM 15G
21234,PRIME MELGESIC 250MG
24634,PRIME MORIDONE 10MG
38071,PRIME MORIDONE 10MG 10
38072,PRIME MYOFLEX
38081,PRIME PRIDRINATE 50MG TAB
36241,PRIME PRIMETIL 5MG
18767,PRIME PRIMETIL 5MG 10
37668,PRIME PRINAZIN TABLET 25MG
16101,PRIME PRISOLONE 5MG
17354,PRIME PRITAREN TAB 50MG
30610,PRIME RASITIN TAB
28136,PRIME RE-LIV ORAL LOTION 5ML
28134,PRIME ROXIM 10MG
28132,PRIME ROXIM 20MG 100 X
28133,PRIME ROXIM 20MG
15941,PRIME SALOSONE OINTMENT 15GM
8438,PRIME ZADIMIN SYRUP 120ML
16771,PRIME ZIRAX CREAM 5G
19310,PRIME'S CIMETIDINE 200MG
16551,PRIME'S CIMETIDINE 400MG
16550,PRIME'S HYDROCORTISONE CREAM 0.01 W/W 100G
15973,PRIMOVIST 10ML
15974,PRISTINE SHAMPOO 120ML
15972,PRISTINEX CREAM 15G
24870,PRISTIQ 100MG
36306,PRISTIQ 50MG
16331,PROBITOR 20MG OMEPRAZOLE CAPSULES
17854,PROCHLOR 5MG
17571,PROCTOSEDYL OINT 15G
37847,PROGIT 50MG
37848,PROGLUTROL 500MG
47558,PROGLUTROL G2
19224,PROGRAF 0.5MG
37670,PROGRAF 1MG
16834,PROGRAF 5MG
19221,PROGYLUTON 21'S
19222,PROGYNOVA 1MG
37671,PROGYNOVA 2MG
16833,PROMEDYL DM LINCTUS 90ML
16694,PROMESEC 20MG 2
16693,PROMESEC 20MG
16695,PROMETHAZINE 25MG
16698,PROPECIA 1MG
17245,PROPYL 50MG
22589,PROSCAR 5MG
37672,PROTOPIC 0.0003 OINTMENT 10G
16088,PROTOPIC 0.001 OINTMENT 10G
16089,PROVERA 10MG
16090,PROVINACE 4MG
16299,PROZAC 20MG
16301,PUBERGEN INJECTION 5000 IU
16691,PULIN 10MG
16692,PULMICORT 0.25MG/ML RESPULE
16104,PULMICORT 0.5MG/ML RESPULES
16106,PUROXAN 400MG
37856,PYCIP 500MG
20114,PYRIMINE 60MG
16690,QTERN 1'S
18321,QTERN 28'S
44605,QUEMED 5MG
47556,RABEPRAZOLE SANDOZ 20MG
40150,RABEPRAZOLE SANDOZ 20MG 4
40165,RABOTIDE 20
16963,RACSER CREAM 0.05 5G
27864,RACSER CREAM 0.05 5G X
44637,RAFINLAR 75MG
45879,RAHIKA 200MG
47549,RALSIN 2MG
31166,RALSIN 5MG
31363,RAMTACE 5MG
41623,RANBAXY ENHANCIN 625MG
7129,RANBAXY MELARTIN 15MG
19188,RANBAXY SOBRIUM 10MG
21428,RANEXA 375MG
17495,RANEXA 500MG
37675,RANEXA 750MG
15897,RANFUZOSIN 10MG
45549,RANOFER 5X5ML
47261,RAPAMUNE TAB 1MG
36228,RASITOL 40MG
33441,RAVIMED 5MG 10
17144,REGPARA 25MG
34044,REGRO TOPICAL SOLUTION 0.05 80ML
16818,REGULON 21'S
17399,RELESTAT 0.5MG/ML EYE DROP 5ML
15948,RELVAR ELLIPTA 100/25MCG
36906,RELVAR ELLIPTA 200/25MCG
34271,REMAFEN 50MG
16134,REMERON SOLTAB 15MG
37656,REMERON SOLTAB 30MG
16373,REMETHAN 50MG
16920,REMICRON MR 30MG
18732,RENATE DESOLON
14079,RENITEC 10MG
18093,RENITEC 20MG
44177,RENSON 10MG
15674,RENVELA 800MG
18770,REQUIP 0.25MG
47460,REQUIP 1MG
9547,REQUIP PD 24HR 2MG
41579,REQUIP PD 24HR 4MG TAB
21163,RESOLOR 1MG
21164,RESOLOR 2MG
35748,RESOLVE TINEA CREAM 25G
30942,RESTASIS EYE DROP
45711,RETAFYLLIN 200MG
42284,RETEN FIVE SOLUTION 5G/100ML
42283,REVCOX 200MG
21130,REVOKE 1.5MG
21131,REVOLADE 25MG
45685,REVOLADE 50MG
45684,REXOM HYDROCORTISONE NEOMYCIN CREAM 15G
46911,REXOM NEOMYCIN CREAM 0.005 15G
47647,REXULTI 1MG
41692,REXULTI 2MG
40449,REXULTI 4MG
33752,RHINATHIOL ADULT SYRUP 125ML
33753,RHINATHIOL CHILDREN-INFANTS SYRUP 125ML
33754,RHINITIN SYRUP 120ML
47149,RHINITIN TAB 10MG
47552,RHINITIN TAB 10MG 50 X
46852,RHINOCORT AQUA NASAL SPRAY 64MCG 120DS
46853,RICOVIR 300MG
24775,RIFASYNT 300MG
31586,RIGEVIDON SUGAR COATED
41759,RINALIX 2.5MG
37954,RINVOQ 15MG
18771,RISPERDAL 1MG
17081,RISPERDAL 1MG/ML SOLUTION 30ML
32978,RISPERDAL 2MG
5071,RISTOR ORAL SOLUTION 1MG/ML
3449,RITALIN 10MG
22132,RITALIN 30MG
18736,RITALIN LA MODIFIED-RELEASE CAPSULE 20MG
16049,RITALIN LA MODIFIED-RELEASE CAPSULE 30MG
17752,RIVADEM 1.5MG
18098,RIVADEM 3MG
18099,RIVAMENSA PATCH 10
16859,RIVAXORED 15MG
18100,RIVOPAM 2MG
37859,RIVOTRIL 0.5MG
16035,RIVOTRIL 2MG
18109,ROSART 100MG
17304,ROSIDEN GEL 100G
37981,ROSUCOR 10MG
16481,ROSUCOR 20MG
16482,ROSUVASTATIN SANDOZ 10MG
20807,ROSUVASTATIN SANDOZ 20MG
18119,ROSUVASTATIN STAREZ 10MG STELLA 10MG
18120,ROSUVASTATIN STAREZ 10MG /ROSUVASTATIN STELLA 10MG
43789,ROSUVOR 20MG
47625,ROSUZET 10/10MG
17769,ROSUZET 10/20MG
31837,ROTAQOR 10MG
24007,ROTAQOR 20MG
31613,ROWATANAL CREAM 26G
29574,ROXY 10'S
24050,ROXY 150MG
46434,ROXY 1'S
45163,ROZEX GEL 0.0075 15G
43883,RYBELSUS 14MG
36418,RYBELSUS 3MG
38714,RYBELSUS 7MG
34594,SAFROSYN 275MG
22564,SAFROSYN 550MG
22361,SALAZOPYRIN TAB 500MG
26523,SALBUNEB NEBULISER SOLUTION 2.5MG/2.5ML 10 X
32289,SALBUNEB NEBULISER SOLUTION 2.5MG/2.5ML
15931,SALMAX CR 4MG
18737,SALMODEX SYRUP 100ML
45162,SALOFALK 500MG
18121,SALOFALK ENEMA
17102,SALOFALK SUPP 500MG
18124,SAMSCA TOLVAPTAN TABLET 15MG
16321,SANBEFLAM GEL 0.025
18123,SANDIMMUN NEORAL 100MG
45129,SANDIMMUN NEORAL 25MG
43979,SANDOZ CANDESARTAN 16MG
45180,SANDOZ CANDESARTAN 8MG
47601,SANDOZ CANDESARTAN HCT 16MG/ 12.5MG
47602,SANDOZ DESLORATADINE 5MG
17861,SANDOZ HEMAPIX TAB 5MG
47673,SANDOZ LETIMBLE 10MG 30S
38068,SANDOZ PREGABALIN 150MG
38069,SANDOZ PREGABALIN 75MG
17032,SAPHRIS SL 10MG
17327,SEDILIX LINCTUS
19752,SEDNO SYRUP 60ML BLACKCURRANT
19753,SEEBRI BREEZHALER 50MCG
29586,SELEGOS 5MG
34239,SELFIDE LOTION 120ML
34238,SERENATA 50MG
23881,SERETIDE ACCUHALER 50/100 60 DOSES
23775,SERETIDE ACCUHALER 50/250 60 INHALATIONS
23880,SERETIDE ACCUHALER 50/500 60 INHALATIONS
30061,SERETIDE EVOHALER 25/125 120 METERED ACTUATIONS
30062,SERETIDE EVOHALER 25/250 120 DOSES
20288,SERETIDE EVOHALER 25/50 120 METERED ACTUATIONS
30089,SERLIFT 50MG
17911,SEROFLO 25MCG/125MCG INHALER
21435,SEROFLO 25MCG/250MCG INHALER
21434,SEROFLO 50/250 CIPHALER
47323,SEROQUEL 100MG
45782,SEROQUEL 200MG
21822,SEROQUEL 25MG
1480,SEROQUEL XR 200MG
18127,SEROQUEL XR 400MG
4993,SEROQUEL XR 50MG
22872,SEROXAT CR 12.5MG
22871,SEROXAT CR 25MG
22873,SHIN POONG GENTAMICIN SULFATE CREAM 10G
6786,SHINCORT INJECTION 40MG 5ML X
40497,SHRINGRIX VACCINE
40495,SIAM BHEASACH VIVERE 0.05 CREAM 5G
40496,SIAM LOMIDE CAPSULE 2MG
42912,SIAM MOLAX-M 10MG
42911,SIAM MOLAX-M 10MG 10
41333,SIFROL 0.125MG
41334,SIFROL 0.375MG
41336,SIFROL 1.5MG
18233,SII TETANUS TOXOID VACCINE ADSORBED
16307,SILDEGRA 1'S
46726,SILDEGRA 4'S
46728,SILFAZINE CREAM 500G
46727,SILVERDERM CREAM 50G
18317,SIMTEC 10MG
18304,SIMVASTATIN 20MG
18305,SIMVASTATIN 40MG
16721,SIMVOR 10MG
21585,SIMVOR 20MG
17735,SIMVOR 40MG
33388,SINGULAIR 10MG
36575,SINGULAIR 4MG
45835,SINGULAIR 4MG ORAL GRANULES
43665,SINGULAIR 5MG
28353,SIVACOL-20 100'S
30612,SIVACOL-20 10'S+++
14065,SIVACOL-20 1'S+++
36253,SKINOREN CREAM 30G
17929,SKUDEXA TAB 75MG/25MG
28585,SM BACTRICIN OINT 15G
34192,SM CLOZOLE 0.01 CREAM 15G
4847,SM FUNGISTAT CREAM 15G
4848,SM XETEC ORAL SOLUTION 60ML
4849,SOBENZ MELON
17547,SOBENZ ORANGE
19814,SODIUM BICARBONATE 0.084 INJECTION
19815,SOFCARE 5MG TABLET
17235,SOFIDROX 500MG
42259,SOFILEX ORAL SUSP 60ML
45464,SOLIAN 100MG
16315,SOLU-CORTEF INJECTION 100MG 2ML X 25
18243,SOMIDEM 10MG
17018,SOPRESSOR 80MG
17165,SPAMODYN 40MG
30033,SPASMOLYT 20MG
20597,SPEDRA 100MG TAB
41739,SPEDRA 200MG
47656,SPIOLTO RESPIMAT 60 PUFFS
47478,SPIOLTO RESPIMAT REFILL
38533,SPIOLTO RESPIMAT REUSABLE
38534,SPIRIVA RESPIMAT REFILL
42640,SPIRIVA RESPIMAT REUSABLE
42639,SPIRONOLACTONE 25MG
17681,SPORANOX 100MG
47692,SSD CREAM 15G
20392,STABLON 30'S
20391,STADA STADELTINE 5MG
25256,STADOVAS 10MG
16114,STADOVAS 5MG
18258,STALEVO TABS 100/25/200MG
16559,STALEVO TABS 150/37.5/200MG
16558,STALEVO TABS 200/50/200MG
19248,STALEVO TABS 50/12.5/200MG
16561,STARFLU 75MG
16560,STELLAPHARM STALDETINE 5MG
32931,STILNOX 10MG
32932,STORVAS C 10MG ATORVASTATIN CALCIUM TABLETS
18209,STORVAS C 20MG
33203,STORVAS C 40MG
18263,STORVAS C 80MG
16935,STREPSILS MAX PLUS
18265,STREPSILS MAX PRO
16339,STREPSILS MAX PRO SPRAY 15ML
18267,STROKAN 250MG
18269,STUGERON 25MG
15911,SUN-GLIZIDE 30MR
40549,SUNPROX 275MG
47622,SUNPROX 550MG
18301,SUNTUSS SYRUP 120ML
14629,SUNWARD ALLERSIN SYRUP 60ML
18300,SUNWARD ALLERSIN-F 4MG
46261,SUNWARD ASMALIN EXPECTORANT 120ML
31356,SUNWARD ASMALIN SYRUP 120ML
14070,SUNWARD ASMOL SYRUP 60ML
17936,SUNWARD BENIL TABLET
41534,SUNWARD BETAMETHASONE CREAM 0.001 15G
43167,SUNWARD BETAMETHASONE CREAM 30G
43168,SUNWARD CONMY 2MG
17849,SUNWARD CROTAMIXONE CREAM 15G
18277,SUNWARD DECONDINE SYRUP 120ML
41187,SUNWARD DELTASOLONE TAB
18278,SUNWARD DEXASONE
41770,SUNWARD DIATROL 2MG
27464,SUNWARD DIMENHYDRINATE 50MG
37313,SUNWARD FENADIUM F 50MG
37058,SUNWARD FENAGESIC
37631,SUNWARD FENAGESIC SUSPENSION 60ML
16713,SUNWARD FENAGESIC TAB 250MG
18284,SUNWARD FENAGESIC TAB 500MG
16900,SUNWARD HYOSUN SYRUP 60ML
18285,SUNWARD LINDACIN CAP
44675,SUNWARD LOBESOL CREAM 15G
17308,SUNWARD MENDICOF SYRUP 120ML
40177,SUNWARD METFORMIN 850MG
21487,SUNWARD METFORMIN TABLET 500MG
16786,SUNWARD METOCLOPRAMIDE 10MG
43766,SUNWARD METOCLOPRAMIDE SYRUP 120ML
38292,SUNWARD MUCOCLEAR TABLET
38291,SUNWARD NALOL 40MG
18291,SUNWARD ONADRINE 50MG
18294,SUNWARD PAEDICOF SYRUP 60ML
17368,SUNWARD POLARAX 2MG
13107,SUNWARD POLARAX SYRUP 60ML
44792,SUNWARD POLARINE SYRUP 60ML
35538,SUNWARD PROBENECID
16595,SUNWARD PROPERAZINE TAB
18295,SUNWARD SUNADINE 10MG
46109,SUNWARD SUNADINE SYRUP 120ML
46108,SUNWARD SUNAZOL CREAM 15G
18577,SUNWARD SUN-DIANOX
17926,SUNWARD SUNEX COUGH SYRUP 120ML
23791,SUNWARD SUN-GLIZIDE 80MG
17221,SUNWARD SUNITON
36373,SUNWARD SUNIZINE 10MG TABLET
18592,SUNWARD SUNIZINE SYRUP 120ML
18593,SUNWARD SUNOLUT
17724,SUNWARD SUNPEPCIN 20MG
31814,SUNWARD SUNPEPCIN 20MG 10
32720,SUNWARD SUNPEPCIN 40MG
36216,SUNWARD SUNPEPCIN 40MG 10
36372,SUNWARD SUNVASC 5MG
26545,SUNWARD TENOL 50MG
26547,SUNWARD TRICONAZOLE CREAM 15G
18362,SUNWARD TRICONAZOLE CREAM 15G X 24
37630,SUNWARD TRINOLONE 4MG
18363,SUNWARD ZORAX CREAM 5G
17604,SUPIROCIN OINTMENT 15G
41175,SUTENT 12.5MG
41174,SYBRAVA 284MG/1.5ML INJECTION
45897,SYMBICORT RAPIHALER 160/4.5 MCG PMDI 120 DOSE
42146,SYMBICORT RAPIHALER 80/4.5 MCG PMDI 120 DOSE
42145,SYMBICORT TURBUHALER 160/4.5 MCG 120 DOSE
42144,SYMBICORT TURBUHALER 160/4.5 MCG 30 DOSE
17749,SYMBICORT TURBUHALER 160/4.5 MCG 60 DOSE
38317,SYMVENU 1.5MG HARD CAPSULES
47557,SYMVENU 3MG HARD CAPSULES
18340,SYNERRV ATORVASTATIN 10MG 4
37866,SYNERRV ATORVASTATIN 10MG
18341,SYNERRV ATORVASTATIN 20MG
36421,SYNERRV ATORVASTATIN 20MG 4
45236,SYNERRV ATORVASTATIN 40MG
20340,SYNERRV ATORVASTATIN 40MG 4
17388,SYNERRV ATORVASTATIN 80
18349,SYNERRV DESLORATADINE TABLETS 5MG
18350,SYNERRV FEXOFENADINE 180MG
17551,SYNERRV GLIT 30MG
18348,SYNERRV GLIT 30MG 2
21430,SYNERRV METSWIFT XR 1000MG
17801,SYNFLEX 275MG
47560,SYNFLEX 550MG
20839,TACARLINE 1MG/ML
19288,TACROZ OINTMENT 0.001
16535,TADALAFIL STELLA 20MG
37622,TAFLON 25MG
26197,TAFLOTAN SOLUTION 2.5ML
26198,TAGRISSO 80MG
44619,TALIS 20
18354,TAMBOCOR 100MG
37867,TAMIFLU 10'S
16144,TAMIFLU 1'S
18355,TANATRIL 10MG
44622,TAPICIN POWDER FOR INJECTION 4.5G
18619,TARIVID OPHTHALMIC SOLUTION 5ML
17033,TARIVID OTIC SOLUTION 5ML
19298,TARIVID OTIC SOLUTION
23518,TEGRETOL 0.02 SYRUP 250ML
37621,TEGRETOL 200MG
44631,TEGRETOL CR 200MG
37868,TEGRETOL CR 400MG
38579,TELCORD H 80MG/12.5MG
18356,TELEACT 40MG
17315,TELEACT 80MG
16929,TELFAST 180MG
17387,TELFAST D
37870,TELFAST ORAL SUSPENSION 30MG/5ML
30731,TELI H 40MG/12.5MG
40503,TELMIDIP 40MG
40504,TELMIDIP 80MG
40686,TELMISARTAN TABLETS 40MG
41100,TELSWIFT 40MG
45957,TELSWIFT 80MG
17810,TEMODAL 100MG
17314,TEMOZAM 100MG
21784,TENOF 300MG
41425,TENOF-EM 200MG/300MG
44918,TENOLON 300MG
33546,TENORMIN 50MG
46513,TENVIR FILM-COATED TABLET 300MG
17016,TERASIN TABLET 2MG 10 X
45203,TERASIN TABLET 2MG
41935,TERBICIP 28'S
38573,TERNAFIN CREAM 15G
38574,TERRAMYCIN OPHTHALMIC OINTMENT 1/8OZ 3.5GM STERILE
38341,TETRACYCLINE MC 250MG CAPS
38332,THYROSIT 100MCG
37146,TIBOLEEN 28'S
37145,TIDACT 0.01 GEL 20G
40174,TIDACT 300MG
43661,TIMAZOL 5MG
18230,TIMO-COMOD 0.005 STERILE EYE DROPS 10ML
16052,TIMOLOL-POS 0.005 EYE DROPS 5ML
18229,TIMOPTOL-XE OWI 0.005 2.5ML
16797,TIVICAY 50MG
36395,TOBRADEX EYE DROP 5ML
43293,TOBRADEX EYE OINTMENT 3.5G
44917,TOBREX EYE DROP 5ML
44916,TOLANZ 10MG
26741,TOLANZ 5MG
35162,TOLCHICINE 0.6MG
18432,TOLURA 80MG
44684,TOPAMAX 100
28549,TOPAMAX 25MG
17462,TOPAMAX 50MG
18438,TORCOXIB 200MG
32608,TORLEVA 1000MG
46693,TORLEVA 500MG
16294,TORPEZIL 10MG
18443,TORPEZIL 5MG
46696,TOUJEO SOLOSTAR
46697,TRACHISAN LOZENGES
47388,TRACIDOL INJECTION 50MG/ML VIAL
47389,TRACLEER 125MG TAB
47387,TRADOL 10'S
19950,TRADOL 1'S
19951,TRADOL 30'S
19952,TRAJENTA 5MG
19949,TRAJENTA DUO 2.5MG/1000MG
16130,TRAJENTA DUO 2.5MG/500MG
33864,TRAJENTA DUO 2.5MG/850MG
46945,TRAMADA 50MG
37883,TRANDATE 100MG
37882,TRANSAMIN 250MG
38640,TRAVATAN EYE DROP 0.00004 2.5ML
34270,TRAVOCORT CREAM 10G
25267,TREN CAP
16627,TRESIBA FLEXTOUCH 100U/ML 3ML
18453,TRETINON CREAM 0.0005 20G
43790,TREVIVE TAB 100MG
32365,TREZILENT 150MG
32366,TRIDIN P SYRUP 60ML
29816,TRIDIN-P
17356,TRILEPTAL 300MG
47128,TRILEPTAL 600MG
46998,TRILON-E CREAM 15G
47129,TRIMIC SUPPOSITORIES
7072,TRIPLIXAM 10/2.5/10MG
19589,TRIPLIXAM 10/2.5/5MG
17333,TRIPLIXAM 5/1.25/10MG
18490,TRIPLIXAM 5/1.25/5MG
18491,TRITACE 10MG
19797,TRITACE 2.5MG
16526,TRITACE 5MG
33990,TRIVASTAL RETARD 50MG
5017,TRIVEDON MR
17903,TRULICITY 0.75MG/0.5ML X
18496,TRUSOPT 0.02 5ML
18499,TS-ONE CAPSULE 20MG
17902,TS-ONE CAPSULE 25MG
18498,TULIP 40MG
17536,TUSSIDEX FORTE LINCTUS 120ML
35760,TWYNSTA 40MG/10MG
22357,TWYNSTA 40MG/5MG
33688,TWYNSTA 80MG/10MG
18505,TWYNSTA 80MG/5MG
18503,TYKERB 250MG
18504,TYMIDIN 200MG
17833,TYSTATIN ORAL SUSPENSION 30ML
17908,UFUR CAP
43519,U-KEFEN 1MG
40284,ULTIBRO BREEZHALER
46228,ULTRACET 37.5MG
21423,UNASYN 375MG
18222,UNIFLEX CREAM 0.001 15G
18221,UNIFLEX-N CREAM 15G
17658,UNIFLEX-N CREAM 15G 20
18220,UNIMED DICLORAN GEL 20G
18219,UNIQUIN 200MG
17408,UNIREN 0.01 W/W GEL 25G
18218,UNIREN SPRAY 0.01 60ML
18217,UNIVATE CREAM 15G
17645,UNIVATE OINTMENT 15G
18216,UNIZET EXPECTORANT 100ML
45777,UNOCEF INJECTION 1000MG
45778,UPHADYL FORTE EXPECTORANT 90ML
2570,URIEF FILM-COATED TAB SILODOSIN 4MG
18513,URIPAX FILM COATED TABLET 200MG X
37617,URIPAX FILM COATED TABLET 200MG
18516,URISPAS 200MG
1497,URSOFALK 100'S
16213,URSOFALK 1'S
37616,URSOFALK 25'S
29276,URSOSAN HARD CAPSULE 250MG
29275,UTROGESTAN 100MG
43549,VACODIL 25MG 10
15915,VACODIL 25MG
35743,VACONTIL TAB 2MG
23768,VALDOXAN 25MG
17151,VALSARTAN SANDOZ 160MG
19337,VALSARTAN SANDOZ 160MG 2
17859,VALTREX 500MG
31310,VALZAAR 160MG
23830,VAMLO 10MG
18545,VAMLO 5MG
18547,VARIVAX 1 DOSE
17723,VASCOR 20MG
16473,VASCOR 40MG
17583,VASOTEN F.C. 5MG
37836,VASTAREL 20MG
9527,VASTAREL MR 35MG
22980,VASTAREL XR 80MG
22979,VASTICURE-10MG
14074,VASTICURE-20MG
18553,VASTINOR 10MG
18555,VASTINOR 20MG
18554,VAXCEL LIGNOCAINE 0.02 INJECTION 10ML X
18557,VELLO-5 TOPICAL SOLUTION 60ML
17567,VELOXIN 25/50MG
18556,VELPHORO CHEWABLE TABLET 500MG
18559,VELSONE 800MG
17565,VEMLIDY 25MG
18558,VENCID 40MG
17904,VENCLEXTA 100MG
43104,VENCLEXTA 50MG
18215,VENLIFT ER 150MG
45216,VENLIFT ER 75MG CAPSULES
18214,VENOFER 100MG 5ML
16872,VENTOLIN 1MG/ML NEBULES
18573,VENTOLIN EVOHALER 100MG 200D
16821,VENTOLIN RESPIRATOR SOLUTION 10ML
18572,VENTOLIN SYRUP 120ML /100ML
18565,VERAHEXAL 120SR
17294,VERRUMAL SOLUTION 13ML
14067,VESICARE 5MG
34930,VESSEL DUE F
24631,VFEND 200MG
14068,VIACORAM 3.5MG/ 2.5MG
14086,VIAGRA 100MG
36396,VIBRAMYCIN TAB 100MG
16267,VICIDE CREAM 10G
46484,VICTOZA PENS
42010,VIGAMOX 0.005 EYE DROP 5ML
18561,VIGNOCAINE 100ML
16377,VIMOVO 500MG/20MG
18563,VIRLESS 800MG
37366,VISANNE 2MG
33110,VITRAQ CLOPIDOGREL 75MG
37873,VIVIC 1'S
2081,VIVIC 4'S
18648,VIZIMPRO 15MG
38368,VIZOMET CREAM 15G
38331,VIZOMET CREAM 15G 20
38369,VIZOMET OINTMENT 15G
36654,VOCINTI 10MG
25610,VOCINTI 20MG
18654,VOKER 20MG
18656,VOLINA 3MG/ 0.03MG
18657,VOLTAREN 50MG
27519,VOLTAREN EMULGEL 0.01 50G
18659,VOLTAREN EMULGEL 0.02 30G
18658,VOLTAREN EMULGEL 0.02 50G
16590,VOLTAREN SR100
16591,VOLTAREN SUPP 12.5MG
20833,VOLTAREN SUPP 25MG
18662,VOLTAREN SUPP 50MG
18663,VOREN 25MG
45119,VOREN 50MG
35888,VOREN GEL 20G
42089,VOREN PLUS GEL 20G
42090,VOREN PLUS GEL 45G
42088,VOREN SUPP 12.5MG
47057,VOREN SUPP 25MG
36176,VOTAN SR 100MG
36295,VOTMINE INJECTION 50MG/10ML
40762,VOTRIENT 400MG
47490,VYTAN VALSARTAN 160MG
45609,VYTAN VALSARTAN 80MG
37578,VYTOCOR 10MG/40MG
14096,VYTORIN 10/20MG
36272,VYTORIN 10/40MG
18206,WINADRYL EXPECT 120ML
16343,WINDEX SYRUP 120ML
9280,WINDEXCO SYRUP 90ML
23683,WINOFEN SUSPENSION 100ML
18667,WINWA ANTISMINE SYRUP 60ML FRUITY FLAVOUR
17515,WINWA ECOSOLVE PLUS CREAM 15G
18668,WINWA FUDERM 0.02 W/W ANTIBACTERIAL CREAM 15G
16238,WINWA TRICODERM OINTMENT 10G
18670,XAMIOL GEL 30G
17445,XANAX 0.25MG
18669,XANAX 0.5MG
17618,XANAX 1MG
18203,XARELTO 10MG
16379,XARELTO 15MG
21391,XARELTO 2.5MG
17183,XARELTO 20MG
5762,XATRAL XL
18676,XBIRA 250MG
18677,XELJANZ 5MG TABLETS
18678,XELODA 150MG
18679,XELODA 500MG
17856,XENICAL 1'S
30286,XENICAL 21'S
30287,XENICAL 84'S
30285,XEPA ANTAMIN SYRUP 60ML
20399,XEPA DEXTRACIN 5ML
20398,XEPA EZEDE-D ORAL SOLUTION 60ML
46150,XEPA UNIQLER CREAM 15G
14089,XEPACORT CREAM
37884,XEPAGAN ELIXIR 60ML
27518,XEPAGAN-5 ELIXIR 60ML
31151,XEPASONE 5MG
31155,XGEVA SOIN FOR INJ 120MG/1.7ML
31153,XIGDUO XR 10/1000
37885,XIGDUO XR 10/1000 1S
18163,XIGDUO XR 10/500
16032,XIGDUO XR 5/1000
28659,XOFLUZA TAB 40MG
18161,XOLSTAT 10MG
16046,XOLSTAT 20MG
18159,XORIMAX 250MG
18160,XORSONE 0.0444444444444444 CREAM 15G
18156,XTANDI 40MG
17761,XYLID CEFUROXIME AXETIL 250MG
21490,XYLOCAINE JELLY 0.02 30G
21491,XYZAL 5MG
43515,Y.S.P BETAMETHASONE TABLET 0.5MG
18155,Y.S.P SHINTAMET FILM COATED TABLET 400MG
37886,Y.S.P VOREN SUPP 50MG
15669,YASMIN 3MG
16075,YAZ FTB 0.02/3MG
16076,YSP APUZIN TABLET 25MG
16093,YSP ASUMALIFE SYRUP 100ML
18154,YSP ASUMALIFE TABLET 1MG
16094,YSP BETAMETHASONE 0.5MG
18150,YSP CIFLOX TAB 500MG
21912,YSP DOXYMYCIN CAPSULE 100MG 100 X
34322,YSP DOXYMYCIN CAPSULE 100MG
34323,YSP ENAPRIL 20MG
34275,YSP FUCON FILM TABLET 10MG
36165,YSP FUCON SYRUP 1MG/ML 60ML
18685,YSP LIPROCT SUPPOSITORY
18687,YSP PONTALON 500MG
17496,YSP SALBUTAMOL SYRUP 100ML 2MG/5ML
18686,YSP SHINCORT INJECTION 10MG/ML
36838,YSP TERASIN TABLET 5MG
36840,YSP VIRLESS CREAM 5G
15641,YULAREB 100MG
44612,YULAREB 150MG
44620,ZANIDIP 10MG
44638,ZANIDIP 20MG
16842,ZARICORT CREAM 15G
16734,ZARICORT CREAM 15G 20
17124,ZARIN CREAM 15G
47126,ZARIN CREAM 15G 20
47125,ZEFFIX 100MG
18710,ZEMPLAR 5MCG 1ML
18709,ZESTRIL 10MG
18712,ZESTRIL 20MG
18714,ZESTRIL 5MG
35022,ZETEZE 14'S
17822,ZETEZE-SM TABLETS 10+20MG
18148,ZETEZE-SM TABLETS 10+40MG
47476,ZETEZE-SM TABLETS 10+40MG 3 X
38044,ZIMMEX 20MG
37475,ZINDACLIN 0.01 GEL 30G
14088,ZINNAT 250MG
37577,ZINNAT 250MG SUSPENSION 50ML
18740,ZINNAT SUSPENSION 125MG/5ML
20455,ZIOMYCIN 500MG
23802,ZITHROMAX SUSP 200MG/5ML 15ML
23804,ZITHROMAX TAB
23801,ZMOX 250MG
23799,ZMOX 500MG
23800,ZMOX ORAL 125MG/5ML 60ML
23807,ZMOX ORAL 250MG/5ML 60ML
23805,ZOCOL 100MG
33627,ZOCOL 150
45886,ZOCOR 20MG
44027,ZOCOR 40MG
14916,ZOLADEX DEPOT 3.6MG
14914,ZOLADEX LA 10.8MG
17509,ZOLOFT 50MG
18144,ZOLPRA GR 40MG
45901,ZOLTEROL 100MG SR
17422,ZOLTEROL 75MG SR
38586,ZONEGRAN 100MG
44785,ZOPIM F.C 10MG
44786,ZORAX SUSPENSION 200MG/5ML 120ML
44787,ZORAXIN 200MG/5ML SUSPENSION 120ML
40446,ZOSAAR 50MG
43273,ZOSAAR HCT 50/12.5MG
40552,ZOVILAM 60'S
38517,ZOVIRAX 200MG
16103,ZOXAN EYE DROP 0.003 W/V 5ML
46810,ZYCORT INJ 100MG 25 VIAL X 5ML
40338,ZYDENA 200MG
40340,ZYKADIA 150MG
42001,ZYLORIC 100MG
44225,ZYLORIC 300MG
44636,ZYLOVAA 100MG
18053,ZYLOVAA 50MG
16977,ZYMAR EYE DROPS 5ML
37888,ZYMAXID EYE DROP 0.005 2.5ML
14064,ZYNOR 10MG
16305,ZYNOR 5MG
18778,ZYPREXA 10MG
18780,ZYPREXA 5MG
18782,ZYPREXA ZYDIS 10MG
27167,ZYPREXA ZYDIS 5MG
33718,ZYRTEC 10MG
33899,ZYRTEC ORAL SOLUTION 75ML
33897,ZYRTEC-D
18784,